date,baba,mengniu,cnooc,jd,bidu,tencent,weibo,sinopec,meituan,cgn,sf,cmport
2019/01/01,163.814,,138.074,267.724,176.924,151.888,,138.963,,,147.855,195.302
2019/01/02,162.189,,140.079,268.584,179.954,152.31,,137.84,,,146.489,198.12
2019/01/03,163.691,,148.497,270.706,181.239,156.483,,141.07,,,153.384,201.947
2019/01/04,161.259,,146.572,259.206,182.485,154.332,,140.774,,,154.676,197.679
2019/01/07,153.787,,143.066,263.839,180.973,150.295,,139.92,,,154.855,197.486
2019/01/08,151.793,,136.547,260.637,178.028,146.512,,134.073,,,154.212,196.925
2019/01/09,144.744,,132.651,258.446,170.201,142.772,,132.453,,,154.233,190.82
2019/01/10,150.988,,132.555,258.705,175.269,142.044,,132.236,,,149.489,192.061
2019/01/11,148.352,,132.221,258.499,175.112,140.198,,130.549,,,154.955,192.224
2019/01/14,147.628,,132.047,256.936,175.016,140.45,,130.76,,,154.722,192.028
2019/01/15,146.971,,129.629,256.604,174.515,139.16,,125.829,,,154.465,191.348
2019/01/16,140.418,,126.422,254.413,166.443,136.042,,125.757,,,154.37,187.135
2019/01/17,137.449,,126.324,250.99,167.914,135.823,,125.406,,,154.215,186.843
2019/01/18,136.81,,126.098,247.573,165.154,131.213,,122.678,,,154.132,183.663
2019/01/21,136.81,,126.098,247.573,165.154,131.213,,122.678,,,154.132,183.663
2019/01/22,136.326,,126.285,245.321,165.328,130.991,,122.65,,,153.279,184.011
2019/01/23,136.16,,126.124,245.395,165.387,131.5,,120.095,,,153.25,183.707
2019/01/24,134.034,,123.939,237.564,165.341,128.423,,119.674,,,153.228,183.588
2019/01/25,129.238,,123.609,232.624,159.245,125.658,,119.796,,,152.9,178.323
2019/01/28,127.686,,123.447,229.94,159.528,125.298,,115.762,,,152.992,178.499
2019/01/29,127.933,,123.95,219.597,159.941,126.263,,120.971,,,153.358,178.754
2019/01/30,127.674,,123.718,229.033,159.824,123.901,,118.394,,,151.26,178.625
2019/01/31,125.75,,121.036,224.093,155.855,109.653,,112.227,,,148.691,178.705
2019/02/01,125.757,,120.83,223.443,155.495,109.028,,108.906,,,148.557,178.782
2019/02/04,123.866,,120.621,223.142,155.503,108.483,,107.572,,,149.201,177.108
2019/02/05,121.834,,120.725,223.388,155.512,109.479,,109.662,,,149.312,177.143
2019/02/06,122.081,,118.949,223.557,155.619,109.134,,111.735,,,149.407,177.128
2019/02/07,124.676,,120.572,224.413,155.385,110.839,,109.512,,,149.414,177.134
2019/02/08,124.984,,120.812,224.406,155.808,111.046,,111.757,,,149.825,177.554
2019/02/11,125.057,,120.614,222.97,157.537,108.756,,111.303,,,149.679,177.318
2019/02/12,121.689,,120.768,220.291,155.61,109.251,,111.324,,,149.797,177.009
2019/02/13,124.347,,120.791,219.326,153.877,108.948,,111.207,,,148.452,176.912
2019/02/14,124.738,,120.941,218.813,153.851,107.238,,111.888,,,149.36,176.042
2019/02/15,121.745,,121.07,217.602,153.982,109.343,,107.623,,,144.162,175.928
2019/02/18,121.745,,121.07,217.602,153.982,109.343,,107.623,,,144.162,175.928
2019/02/19,123.171,,120.706,208.491,153.88,106.713,,110.783,,,143.841,174.645
2019/02/20,126.902,,120.965,212.806,154.151,106.191,,110.649,,,143.609,174.814
2019/02/21,127.115,,120.754,210.926,155.743,105.684,,108.528,,,143.541,174.517
2019/02/22,126.515,,120.89,211.089,155.883,107.944,,112.458,,,144.126,174.797
2019/02/25,126.072,,120.575,209.471,155.65,107.458,,112.276,,,146.308,176.031
2019/02/26,125.533,,123.014,209.526,155.061,107.568,,112.611,,,146.162,176.144
2019/02/27,128.82,,123.322,209.69,157.942,106.901,,112.196,,,145.957,169.799
2019/02/28,124.348,,122.893,206.029,157.324,107.506,,112.553,,,144.724,174.379
2019/03/01,123.528,,122.869,196.827,155.352,104.514,,112.164,,,145.156,174.192
2019/03/04,122.764,,120.185,195.673,155.505,104.77,,112.424,,,134.244,174.024
2019/03/05,122.243,,120.242,195.222,152.751,104.988,,108.188,,,144.698,172.257
2019/03/06,119.423,,116.219,193.2,148.631,102.011,,107.761,,,142.514,172.39
2019/03/07,120.328,,116.391,192.863,148.57,102.421,,108.464,,,142.655,170.516
2019/03/08,122.172,,119.949,194.581,150.692,102.371,,108.337,,,142.723,170.701
2019/03/11,120.015,,119.79,194.494,150.395,102.267,,108.415,,,140.157,170.557
2019/03/12,120.037,,117.351,192.523,150.728,102.292,,108.521,,,140.372,170.966
2019/03/13,120.046,,116.817,186.603,149.961,102.077,,108.375,,,140.342,170.393
2019/03/14,119.556,,116.046,189.211,149.649,101.766,,108.074,,,140.355,168.424
2019/03/15,120.483,,116.75,189.558,148.496,102.175,,107.988,,,140.537,169.075
2019/03/18,119.88,,116.601,189.533,148.187,102.322,,108.17,,,140.522,168.946
2019/03/19,121.5,,116.195,189.531,148.151,102.388,,107.761,,,136.436,168.906
2019/03/20,121.891,,117.847,186.258,151.694,103.814,,106.765,,,128.686,169.223
2019/03/21,120.529,,116.893,188.805,151.819,102.77,,106.699,,,136.008,169.672
2019/03/22,122.158,,114.629,188.357,152.875,103.674,,106.9,,,136.363,170.637
2019/03/25,125.072,,118.93,192.358,155.433,107.339,,109.788,,,140.409,174.136
2019/03/26,126.229,,118.014,192.059,155.793,107.316,,109.8,,,139.819,174.268
2019/03/27,124.713,,116.123,190.843,152.418,106.341,,109.573,,,140,172.358
2019/03/28,125.042,,115.143,188.79,155.17,108.085,,109.293,,,139.685,170.651
2019/03/29,122.716,,113.706,187.504,153.096,108.536,,105.435,,,139.358,169.337
2019/04/01,117.489,,108.295,181.849,149.726,106.021,,104.323,,,138.334,164.992
2019/04/02,120.752,,109.916,182.084,150.449,106.142,,104.448,,,138.768,168.03
2019/04/03,120.158,,109.356,175.635,149.39,106.497,,102.332,,,136.024,167.46
2019/04/04,120.698,,111.923,183.831,151.234,106.911,,104.817,,,135.489,161.199
2019/04/05,117.423,,111.841,183.938,151.285,107.142,,105.04,,,135.57,168.637
2019/04/08,118.302,,111.798,182.069,150.999,106.655,,104.497,,,135.263,160.787
2019/04/09,118.967,,113.95,180.629,151.113,106.94,,104.819,,,135.448,167.987
2019/04/10,120.619,,115.788,180.88,151.649,108.544,,104.736,,,136.063,168.131
2019/04/11,120.553,,115.919,180.547,151.468,108.348,,104.475,,,136.044,168.029
2019/04/12,117.517,,115.415,176.594,150.785,107.952,,97.886,,,135.183,166.734
2019/04/15,117.311,,115.633,174.247,145.913,108.04,,104.864,,,136.412,166.941
2019/04/16,115.629,,115.737,171.028,146.943,107.586,,104.854,,,136.157,166.793
2019/04/17,112.585,,115.411,168.605,147.089,105.864,,101.884,,,134.248,164.697
2019/04/18,114.775,,114.636,168.158,141.747,106.414,,102.53,,,121.045,164.991
2019/04/19,114.775,,114.636,168.158,141.747,106.414,,102.53,,,121.045,164.991
2019/04/22,115.382,,114.645,172.333,142.97,106.212,,102.31,,,136.232,166.154
2019/04/23,115.506,,114.135,172.516,143.023,106.306,,102.392,,,136.3,165.983
2019/04/24,114.474,,114.458,172.734,143.191,106.339,,102.27,,,134.481,166.308
2019/04/25,119.236,,114.197,172.54,142.761,105.983,,101.816,,,134.34,164.971
2019/04/26,115.643,,114.591,175.054,140.195,106.789,,102.095,,,134.497,165.369
2019/04/29,115.691,,114.434,175.07,139.01,106.268,,101.551,,,134.075,165.271
2019/04/30,113.816,,113.09,175.171,141.29,106.126,,101.684,,,133.078,165.408
2019/05/01,113.931,135.059,112.976,174.212,141.356,105.299,,101.689,,,133.428,164.32
2019/05/02,113.84,131.185,112.979,173.895,137.192,105.179,,100.224,,,129.585,163.622
2019/05/03,112.387,131.338,113.341,174.078,137.395,105.376,,100.623,,,128.984,163.858
2019/05/06,117.203,129.872,117.152,176.598,140.712,105.593,,100.198,,,129.217,164.802
2019/05/07,117.631,129.917,117.302,176.684,141.004,107.707,,102.527,,,122.185,164.967
2019/05/08,119.632,129.731,117.2,180.238,142.829,107.678,,102.489,,,122.865,164.71
2019/05/09,121.321,131.968,119.949,180.533,142.846,110.415,,102.779,,,127.946,164.617
2019/05/10,121.397,131.419,120.345,180.418,142.208,110.778,,102.571,,,123.218,164.636
2019/05/13,122.766,130.812,121.301,182.835,144.12,111.041,,104.749,,,127.767,165.934
2019/05/14,123.437,131.476,124.628,185.787,149.263,112.695,,104.324,,,123.321,166.076
2019/05/15,126.437,131.943,129.276,186.744,150.104,113.108,,107.494,,,129.616,168.939
2019/05/16,125.692,117.084,127.853,187.637,149.451,113.022,,107.083,,,123.519,161.411
2019/05/17,126.64,131.047,130.326,188.699,151.652,115.425,,110.157,,,130.305,169.277
2019/05/20,126.522,130.888,130.137,188.765,151.691,115.212,,110.021,,,130.157,169.049
2019/05/21,132.548,130.817,130.632,192.506,156.903,115.21,,109.576,,,130.012,169.365
2019/05/22,132.531,130.654,130.393,192.812,156.994,117.097,,106.145,,,129.789,169.249
2019/05/23,138.195,130.933,128.804,197.659,170.654,117.594,,109.35,,,130.099,167.729
2019/05/24,139.631,131.202,134.941,197.664,176.7,122.276,,110.14,,,130.41,170.49
2019/05/27,139.631,131.202,134.941,197.664,176.7,122.276,,110.14,,,130.41,170.49
2019/05/28,144.592,129.825,135.028,211.013,176.814,127.022,,113.884,,,130.623,170.864
2019/05/29,145.728,132.673,138.666,219.18,178.494,129.76,,117.439,,,133.046,169.59
2019/05/30,143.317,132.703,136.283,219.271,178.058,131.08,,119.057,,,133.862,170.268
2019/05/31,147.103,133.279,143.368,226.288,182.76,133.879,,119.475,,,134.185,173.806
2019/06/03,150.087,136.923,148.112,229.497,182.781,132.635,,118.824,,,138.659,173.841
2019/06/04,145.238,136.288,147.736,221.585,181.801,132.19,,119.788,,,137.637,173.184
2019/06/05,141.659,134.348,140.378,230.062,178.943,129.676,,119.515,,,135.217,172.229
2019/06/06,135.948,133.866,138.082,226.813,173.906,127.402,,115.461,,,135.154,169.58
2019/06/07,134.212,131.639,137.6,227.145,174.548,127.851,,116.057,,,135.246,170.787
2019/06/10,129.63,130.082,133.139,219.876,167.348,127.44,,113.727,,,131.476,169.883
2019/06/11,124.713,130.685,125.804,214.706,167.66,127.64,,113.968,,,131.394,168.984
2019/06/12,128.347,131.598,132.257,214.994,167.931,127.732,,114.115,,,133.039,169.087
2019/06/13,132.321,133.966,134.867,217.72,170.335,128.351,,114.628,,,135.256,171.006
2019/06/14,134.862,133.964,137.811,219.577,172.328,128.285,,115.104,,,135.124,171.742
2019/06/17,136.845,133.169,135.047,218.884,172.114,131.605,,115.534,,,133.878,172.191
2019/06/18,133.096,127.833,132.758,218.504,172.157,131.335,,117.529,,,136.817,172.188
2019/06/19,133.219,134.369,135.392,218.759,170.673,131.179,,112.138,,,134.532,172.489
2019/06/20,131.583,133.867,132.831,210.781,169.319,123.309,,114.266,,,133.564,171.013
2019/06/21,128.474,138.488,132.376,208.324,166.939,125.101,,114.144,,,135.105,169.611
2019/06/24,130.309,136.084,134.406,208.422,167.295,125.166,,111.337,,,135.468,169.759
2019/06/25,132.296,136.09,136.834,207.822,168.715,125.092,,111.422,,,138.247,170.6
2019/06/26,129.622,135.825,136.837,211.647,168.373,124.709,,110.816,,,137.9,170.437
2019/06/27,130.889,135.632,137.726,206.184,169.451,125.279,,111.625,,,129.645,170.727
2019/06/28,129.516,132.933,134.762,209.154,168.148,121.789,,100.823,,,133.972,170.374
2019/07/01,125.344,132.575,129.023,209.001,162.867,121.594,,107.849,,,133.647,166.618
2019/07/02,125.452,132.743,129.037,206.422,161.147,121.755,160.768,104.598,,,131.964,166.191
2019/07/03,123.85,133.079,130.308,204.779,159.551,121.906,158.247,104.9,,,132.306,167.567
2019/07/04,123.85,133.079,130.308,204.779,159.551,121.906,158.247,104.9,,,132.306,167.567
2019/07/05,123.491,132.435,127.672,203.213,155.982,119.753,152.85,103.377,,,126.471,164.214
2019/07/08,122.232,132.382,123.598,202.032,157.445,119.831,149.349,101.702,,,126.279,164.742
2019/07/09,119.346,131.341,127.24,199.406,157.361,119.313,153.938,107.869,,,131.48,161.675
2019/07/10,122.894,131.204,126.957,205.669,156.26,114.631,149.904,107.03,,,128.102,163.795
2019/07/11,121.675,130.628,126.66,196.752,155.146,114.53,152.637,103.568,,,130.777,163.491
2019/07/12,121.644,121.62,126.777,203.105,153.852,112.375,151.054,103.493,,,125.825,163.623
2019/07/15,114.585,123.05,126.872,207.268,154.775,112.462,151.158,103.704,,,125.884,163.908
2019/07/16,120.446,120.643,126.242,207.081,155.178,112.284,152.846,107.002,,,126.487,163.653
2019/07/17,122.976,120.436,126.068,200.197,155.642,112.519,155.879,107.282,,,127.361,163.337
2019/07/18,125.097,120.642,125.581,207.539,156.398,110.143,161.046,106.466,,,127.124,163.218
2019/07/19,126.245,120.751,127.139,204.599,157.099,113.771,163.963,107.605,,,126.811,164.458
2019/07/22,122.361,120.21,126.74,202.008,157.127,113.095,160.331,106.77,,,126.105,164.147
2019/07/23,121.319,119.645,122.285,201.767,155.2,113.051,155.913,101.977,,,125.764,161.56
2019/07/24,123.046,121.554,123.257,201.899,156.696,112.367,155.908,105.449,,,125.704,162.418
2019/07/25,122.77,121.212,123.859,201.947,154.47,110.418,155.798,99.74,,,125.787,163.029
2019/07/26,120.596,121.438,124.111,199.635,154.952,110.816,156.082,100.139,,,126.011,162.857
2019/07/29,118.528,118.872,119.359,199.664,153.386,108.853,158.394,94.312,,,125.661,157.42
2019/07/30,121.589,118.894,120.697,199.726,155.766,108.975,160.146,98.921,,,125.668,162.929
2019/07/31,121.354,117.904,121.242,198.489,154.207,108.649,159.501,99.303,,,124.392,161.003
2019/08/01,121.784,118.526,122.393,202.832,155.529,107.887,157.75,98.037,,,125.613,162.901
2019/08/02,130.12,119.784,127.235,205.072,159.555,112.918,165.952,102.335,,,126.403,163.832
2019/08/05,143.339,125.386,135.439,213.054,171.061,119.914,177.769,107.037,,,130.099,170.941
2019/08/06,144.435,125.002,136.182,215.72,175.815,120.831,180.105,109.943,,,130.142,171.436
2019/08/07,146.789,126.239,138.972,215.36,174.299,122.637,183.188,111.229,,,131.07,172.1
2019/08/08,143.238,126.567,137.487,215.341,175.915,123.469,178.296,109.453,,,131.849,173.577
2019/08/09,144.262,126.148,137.457,214.846,175.513,123.134,180.475,109.054,,,132.344,173.949
2019/08/12,145.689,127.584,134.983,215.693,176.306,123.586,181.667,111.218,,,132.599,174.557
2019/08/13,142.738,122.54,138.973,214.629,175.233,123.196,182.895,110.875,,,131.62,173.658
2019/08/14,139.982,122.63,136.958,207.434,172.785,120.995,180.693,111.383,,,128.796,172.241
2019/08/15,137.627,122.918,139.212,207.684,174.417,125.055,184.579,111.181,,,129.504,172.697
2019/08/16,143.212,122.292,140.19,207.823,174.695,122.486,178.72,111.508,,,130.764,172.836
2019/08/19,125.979,121.37,135.319,207.146,173.901,119.112,175.985,108.046,,,128.799,170.903
2019/08/20,134.987,121.196,135.953,198.875,172.149,119.342,176.387,108.688,,,128.437,170.974
2019/08/21,135.111,120.612,134.028,189.226,171.642,118.987,175.905,108.305,,,128.113,169.776
2019/08/22,134.407,120.829,133.258,194.446,169.004,119.138,162.3,108.593,,,134.385,169.036
2019/08/23,133.176,120.219,134.411,192.807,170.106,119.274,163.589,110.595,,,128.322,170.577
2019/08/26,137.005,120.156,138.86,192.819,172.472,122.399,164.737,112.907,,,128.219,169.746
2019/08/27,134.891,120.115,137.852,193.269,170.769,120.777,168.292,110.859,,,130.077,171.113
2019/08/28,137.332,121.728,139.373,193.356,170.253,122.834,172.862,113.284,,,130.073,170.62
2019/08/29,134.864,121.793,139.87,190.701,170.348,122.585,169.97,112.552,,,130.214,171.154
2019/08/30,136.177,122.177,140.853,187.334,170.824,123.009,170.189,107.249,,,133.046,174.189
2019/09/02,136.177,122.177,140.853,187.334,170.824,123.009,170.189,107.249,,,133.046,174.189
2019/09/03,139.059,121.995,145.028,188.908,173.398,122.872,172.376,115.17,,,131.099,174.723
2019/09/04,138.98,122.985,147.054,185.165,173.31,122.752,170.463,115.087,,,131.149,174.547
2019/09/05,137.369,122.974,146.275,189.947,172.554,122.328,165.796,114.652,,,131.673,174.796
2019/09/06,137.849,123.252,142.82,187.036,172.816,121.789,161.05,114.784,,,132.887,175.22
2019/09/09,130.923,122.846,141.996,182.559,169.925,121.437,160.681,112.829,,,131.912,174.147
2019/09/10,133.808,122.214,141.034,180.152,168.47,120.778,155.117,112.273,,,131.11,173.202
2019/09/11,129.891,122,137.063,171.163,167.754,120.262,155.498,112.121,,,131.668,172.248
2019/09/12,130.945,122.055,132.766,178.59,167.318,120.377,149.875,110.032,,,131.474,172.958
2019/09/13,128.974,122.033,128.518,176.043,164.603,117.314,149.813,107.381,,,130.874,171.549
2019/09/16,129.673,121.984,128.979,176.118,164.758,117.291,152.814,107.337,,,122.994,171.518
2019/09/17,133.165,122.099,129.621,175.412,164.208,118.752,152.815,107.557,,,133.467,173.476
2019/09/18,128.489,122.956,129.976,175.454,161.567,118.76,150.923,109.313,,,131.017,173.532
2019/09/19,129.544,124.152,127.476,175.663,161.489,118.796,151.84,109.822,,,131.728,173.965
2019/09/20,125.851,119.99,124.919,173.427,161.308,118.397,145.609,109.869,,,131.867,173.284
2019/09/23,126.795,121.613,130.579,175.335,159.445,118.179,152.456,108.124,,,131.737,173.13
2019/09/24,127.2,121.944,130.536,171.933,159.838,118.232,152.843,108.554,,,132.016,173.7
2019/09/25,130.255,122.776,134.613,175.212,155.794,119.582,152.556,110.031,,,131.024,173.827
2019/09/26,129.17,123.115,134.737,175.232,159.581,119.889,154.358,109.605,,,131.27,174.125
2019/09/27,132.967,123.237,136.764,175.316,159.541,119.717,162.4,109.968,,,130.607,173.621
2019/09/30,133.315,123.126,136.759,169.697,159.629,119.638,157.141,109.795,,,131.75,173.602
2019/10/01,128.059,120.52,136.867,174.681,159.535,119.748,157.362,110.031,,,132.606,173.004
2019/10/02,135.103,120.367,145.727,176.763,159.755,119.76,160.882,110.148,,,131.783,172.948
2019/10/03,135.734,120.728,144.875,178.436,162.859,118.129,163.703,110.353,,,130.394,174.709
2019/10/04,136.65,120.485,144.285,178.445,162.8,117.963,163.539,114.774,,,128.185,174.725
2019/10/07,135.601,117.141,144.103,178.189,162.455,117.725,161.844,107.934,,,128.816,172.444
2019/10/08,140.225,117.894,144.009,178.399,162.968,117.529,164.758,112.142,,,127.314,172.593
2019/10/09,138.873,119.979,147.185,181.478,165.848,118.868,166.549,111.752,,,127.068,174.614
2019/10/10,138.861,120.073,143.713,181.121,163.058,118.776,166.284,111.686,,,127.204,173.646
2019/10/11,130.017,119.569,138.084,179.568,161.348,116.774,160.117,109.933,,,125.884,171.927
2019/10/14,130.017,119.569,138.084,179.568,161.348,116.774,160.117,109.933,,,125.884,171.927
2019/10/15,130.541,113.979,134.585,176.521,155.345,115.174,155.513,109.729,,,125.502,170.349
2019/10/16,131.3,120.014,134.94,176.609,155.43,115.159,155.748,109.708,,,125.901,170.816
2019/10/17,127.846,119.921,129.249,176.642,153.218,115.04,155.374,109.654,,,127.94,162.403
2019/10/18,124.77,119.996,132.283,176.332,152.866,114.803,150.999,107.049,,,125.369,169.887
2019/10/21,123.178,119.879,131.042,175.304,152.628,114.808,153.713,107.133,,,127.072,169.452
2019/10/22,123.024,122.28,131.14,171.759,152.567,114.597,153.795,111.435,,,127.412,169.596
2019/10/23,124.822,119.859,133.656,171.694,152.223,114.569,153.677,111.045,,,130.125,169.814
2019/10/24,124.684,120.734,133.881,173.07,152.584,117.304,153.643,107.77,,,131.808,169.913
2019/10/25,125.628,122.635,134.103,175.527,152.767,117.506,154.652,112.043,,,135.004,169.067
2019/10/28,124.866,122.204,133.439,172.439,151.412,116.326,153.63,111.58,,,131.574,168.469
2019/10/29,125.073,122.09,131.337,165.641,149.368,116.279,153.522,111.508,,,131.39,167.199
2019/10/30,125.488,122.048,131.708,167.121,152.157,116.615,153.822,111.705,,,131.75,167.074
2019/10/31,128.484,121.985,138.086,165.84,152.926,116.711,154.219,112.439,,,131.719,167.83
2019/11/01,129.765,121.928,135.243,166.017,152.77,117.025,154.031,112.393,,,130.957,167.994
2019/11/04,124.949,121.497,132.642,166.138,152.176,117.218,149.577,110.136,,,130.68,167.235
2019/11/05,124.532,121.53,132.719,164.438,151.95,116.379,152.834,108.701,,,129.064,166.679
2019/11/06,126.827,121.305,129.06,164.529,151.085,112.905,152.175,104.52,,,116.822,167.13
2019/11/07,118.17,121.263,128.297,164.387,150.198,114.501,144.813,107.986,,,128.102,165.985
2019/11/08,121.946,121.366,128.447,164.231,150.226,114.806,143.704,106.613,,,130.14,166.219
2019/11/11,121.946,121.366,128.447,164.231,150.226,114.806,143.704,106.613,,,130.14,166.219
2019/11/12,120.496,121.508,128.235,147.652,151.913,114.502,146.471,106.037,,,130.205,168.637
2019/11/13,120.147,122.518,128.736,164.713,152.331,114.753,146.561,106.484,,,130.515,171.11
2019/11/14,122.286,121.52,128.324,165.565,152.288,115.147,146.395,109.557,,,133.171,168.894
2019/11/15,122.033,121.943,129.022,165.243,152.456,115.157,151.066,109.575,,,131.023,169.622
2019/11/18,122.764,121.862,130.144,163.831,152.364,114.876,151.41,109.533,,,130.713,169.685
2019/11/19,122.135,125.269,130.687,165.316,152.275,116.455,151.598,106.667,,,130.909,169.843
2019/11/20,126.67,124.748,131.548,165.86,153.211,118.446,155.002,112.116,,,132.126,170.37
2019/11/21,125.593,126.243,132.824,165.808,153.005,118.35,154.936,112.315,,,134.525,170.032
2019/11/22,118.756,126.529,132.725,165.931,152.801,118.508,155.627,112.245,,,127.767,169.928
2019/11/25,123.355,126.344,130.044,163.591,151.098,118.48,153.571,112.346,,,134.063,167.897
2019/11/26,121.795,123.566,129.6,161.671,150.94,118.136,150.065,110.269,,,132.216,166.321
2019/11/27,121.322,124.099,127.666,159.543,148.05,118.087,153.099,110.25,,,132.338,166.412
2019/11/28,121.322,124.099,127.666,159.543,148.05,118.087,153.099,110.25,,,132.338,166.412
2019/11/29,120.666,124.02,127.995,159.305,148.151,116.156,153.054,110.083,,,132.167,165.752
2019/12/02,118.182,123.173,127.554,158.998,147.96,115.978,152.822,107.986,,,132.041,165.234
2019/12/03,120.993,121.913,128.439,158.409,146.618,114.839,151.069,107.628,,,131.777,165.913
2019/12/04,121.218,121.979,127.879,159.605,149.135,114.638,153.879,107.501,,,129.75,165.361
2019/12/05,121.051,123.13,127.675,156.388,148.555,114.519,153.876,107.321,,,129.885,165.438
2019/12/06,118.996,122.547,127.662,157.692,148.395,112.708,146.892,107.37,,,131.934,164.995
2019/12/09,116.295,122.438,128.124,157.685,146.711,112.592,153.872,107.309,,,129.886,165.33
2019/12/10,116.393,122.378,127.778,154.293,146.772,112.46,153.239,107.147,,,130.256,165.164
2019/12/11,112.299,121.847,127.534,158.261,146.633,112.535,151.657,107.499,,,129.335,164.916
2019/12/12,107.072,121.579,118.087,157.995,144.131,109.475,151.062,104.748,,,134.169,162.979
2019/12/13,104.177,121.402,120.824,155.502,143.39,109.268,151.398,102.787,,,128.738,164.211
2019/12/16,103.363,101.006,117.556,152.897,140.308,104.918,147.557,93.772,,,128.067,161.147
2019/12/17,103.808,119.115,113.532,152.894,140.271,104.729,146.855,91.804,,,127.463,160.411
2019/12/18,100.858,118.707,113.467,152.211,138.035,104.347,143.726,94.615,,,127.779,159.583
2019/12/19,98.298,118.732,111.323,152.084,138.019,102.711,138.233,94.569,,,127.694,159.909
2019/12/20,97.218,119.025,105.356,152.52,134.939,102.828,141.085,93.157,,,129.309,159.066
2019/12/23,97.135,118.681,107.534,151.937,137.65,104.434,140.661,92.905,,,128.46,158.679
2019/12/24,96.962,118.948,107.773,151.88,137.783,100.204,141.059,93.046,,,125.057,158.658
2019/12/25,96.962,118.948,107.773,151.88,137.783,100.204,141.059,93.046,,,125.057,158.658
2019/12/26,97.732,119.275,108.109,152.313,141.441,105.727,142.304,93.234,,,126.714,158.194
2019/12/27,97.355,118.715,107.784,152.062,137.419,102.356,139.266,92.932,,,125.044,157.915
2019/12/30,97.401,115.851,107.605,151.94,137.315,100.516,139.421,92.606,,,124.108,158.057
2019/12/31,97.464,115.396,107.617,151.436,137.051,100.243,138.734,92.511,,,122.206,157.639
2020/01/01,97.464,115.396,107.617,151.436,137.051,100.243,138.734,92.511,,,122.206,157.639
2020/01/02,94.916,116.158,107.643,153.03,133.811,97.6,135.313,82.919,,,122.392,157.001
2020/01/03,95.361,117.392,107.465,156.4,134.293,97.897,135.389,83.305,,,125.401,157.761
2020/01/06,99.67,121.654,107.643,156.092,134.369,100.425,137.027,86.184,,,127.972,159.094
2020/01/07,105.058,102.068,111.48,151.832,134.86,100.046,137.506,82.859,,,128.572,159.76
2020/01/08,98.645,119.142,108.257,143.087,133.695,99.935,138.099,87.517,,,126.586,158.994
2020/01/09,98.901,118.962,107.256,135.209,131.535,100.097,134.011,87.746,,,127.201,158.783
2020/01/10,92.706,116.141,107.489,135.011,126.518,100.174,129.224,87.858,,,126.358,157.737
2020/01/13,94.442,116.004,107.458,134.877,126.361,99.716,129.052,87.566,,,125.894,156.224
2020/01/14,88.688,113.258,107.677,135.127,124.111,90.309,123.686,88.016,,,125.468,155.82
2020/01/15,92.335,110.991,105.414,122.877,118.855,85.397,121.768,82.119,,,120.237,153.814
2020/01/16,93.033,110.946,105.183,134.373,118.575,87.695,120.525,82.518,,,124.155,154.158
2020/01/17,89.22,108.852,105.503,134.152,118.586,84.388,117.476,72.366,,,122.08,154.271
2020/01/20,89.22,108.852,105.503,134.152,118.586,84.388,117.476,72.366,,,122.08,154.271
2020/01/21,91.874,105.66,105.89,126.429,118.667,86.208,117.659,81.881,,,121.829,153.707
2020/01/22,91.029,105.961,105.678,130.761,118.697,82.868,119.396,76.993,,,125.318,153.241
2020/01/23,90.738,105.636,105.664,131.613,118.838,87.213,115.211,83.078,,,125.577,150.149
2020/01/24,90.831,108.433,106.203,131.582,119.331,87.264,119.077,83.063,,,125.614,150.944
2020/01/27,95.354,108.881,108.707,134.022,119.385,89.804,127.84,85.694,,,128.485,153.266
2020/01/28,95.741,111.048,109.263,132.948,123.114,89.52,121.884,85.469,,,125.481,154.763
2020/01/29,95.952,111.153,113.199,136.666,123.292,90.806,123.899,85.784,,,128.279,155.95
2020/01/30,102.934,113.805,119.588,136.696,127.491,93.601,126.139,91.348,,,128.612,155.137
2020/01/31,101.255,115.393,124.138,136.965,127.58,93.833,122.946,88.445,,,128.587,155.957
2020/02/03,103.299,112.614,122.852,138.199,127.519,93.959,123.652,88.44,,,125.73,155.153
2020/02/04,99.891,110.693,113.82,138.003,127.046,93.237,120.121,88.233,,,128.137,153.609
2020/02/05,95.668,110.381,107.58,137.82,126.902,92.415,119.852,83.733,,,127.779,143.65
2020/02/06,95.294,104.919,105.226,135.719,124.639,92.404,120.36,85.681,,,128.136,148.104
2020/02/07,95.235,110.327,106.181,136.072,124.99,91.156,120.204,85.998,,,128.088,151.558
2020/02/10,96.57,110.173,110.098,136.208,124.547,91,118.191,85.989,,,127.988,153.445
2020/02/11,96.196,103.916,110.298,135.801,124.488,92.79,118.158,87.957,,,122.939,153.639
2020/02/12,95.453,112.055,109.173,133.199,124.064,90.727,118.296,87.82,,,120.288,152.896
2020/02/13,93.004,112.435,109.923,132.166,124.483,91.084,118.754,87.81,,,116.675,153.413
2020/02/14,94.909,112.418,107.654,133.288,124.528,90.178,118.476,88.003,,,116.733,149.559
2020/02/17,94.909,112.418,107.654,133.288,124.528,90.178,118.476,88.003,,,116.733,149.559
2020/02/18,95.041,110.367,107.438,133.242,124.585,90.137,115.705,87.86,,,110.352,148.236
2020/02/19,93.412,109.79,109.068,135.286,121.847,89.915,118.696,87.96,,,109.898,148.749
2020/02/20,93.825,110.359,106.208,135.072,120.935,90.164,119.038,88.082,,,110.508,151.024
2020/02/21,93.734,112.888,109.299,135.488,122.905,90.266,119.19,88.18,,,112.581,150.003
2020/02/24,98.133,115.58,114.464,139.865,126.305,93.395,123.611,92.805,,,113.656,151.188
2020/02/25,98.062,113.894,112.153,137.344,126.099,91.887,121.613,90.285,,,112.603,150.788
2020/02/26,97.596,114.008,116.47,134.723,124.922,91.159,125.57,88.806,,,109.747,150.209
2020/02/27,113.086,110.276,117.4,135.28,131.408,91.44,134.976,94.127,,,139.303,153.012
2020/02/28,123.493,106.421,132.377,139.484,145.19,97.353,139.339,98.396,,,110.198,155.392
2020/03/02,122.017,103.056,130.451,136.134,138.62,105.202,138.233,97.167,,,105.179,154.307
2020/03/03,112.947,104.523,126.329,139.113,142.659,95.229,136.815,100.018,,,105.83,158.088
2020/03/04,114.432,103.655,130.151,137.839,145.996,89.415,143.343,100.725,,,109.52,160.477
2020/03/05,113.912,102.397,127.325,138.29,141.212,96.777,144.367,95.182,,,105.805,157.879
2020/03/06,129.791,100.168,125.804,147.895,145.029,90.617,142.375,98.192,,,104.173,157.027
2020/03/09,130.705,102.473,156.068,150.396,165.472,116.877,151.403,126.627,,,119.525,155.82
2020/03/10,143.292,109.551,164.674,162.383,159.587,113.002,168.865,140.536,,,117.714,160.589
2020/03/11,158.633,113.982,163.206,177.606,171.585,122.378,174.627,164.681,,,125.502,166.493
2020/03/12,190.372,116.493,186.143,183.282,185.09,156.271,201.881,146.985,,,127.72,174.416
2020/03/13,194.196,114.49,203.024,220.233,224.669,159.338,207.687,178.401,,,123.346,174.259
2020/03/16,220.417,110.311,198.59,218.571,235.674,163.03,207.997,157.549,,,115.22,181.39
2020/03/17,247.828,111.873,206.525,224.882,239.691,192.795,281.099,158.788,,,124.975,187.994
2020/03/18,325.178,115.558,212.305,228.27,252.258,194.688,281.102,301.956,,,186.786,196.695
2020/03/19,308.279,111.216,311.478,380.138,311.322,204.946,340.561,285.259,,,353.029,189.963
2020/03/20,260.21,110.291,310.789,377.531,311.816,205.894,362.167,285.186,,,353.93,179.823
2020/03/23,272.41,112.183,320.428,376.374,297.957,209.65,396.892,274.894,,,353.113,180.519
2020/03/24,255.054,111.575,283.278,357.252,297.699,210.528,369.422,266.351,,,352.496,179.558
2020/03/25,231.898,107.788,255.865,346.557,289.863,195.379,366.369,235.466,,,352.598,178.122
2020/03/26,215.874,106.748,250.777,344.445,286.273,189.731,360.268,231.524,,,326.557,179.125
2020/03/27,202.807,107.57,237.808,343.83,222.302,190.244,328.974,228.874,,,327.515,182.699
2020/03/30,204.778,110.018,234.483,338.3,205.049,192.592,328.882,226.329,,,326.885,180.034
2020/03/31,178.898,110.34,235.278,325.169,206.507,186.936,295.006,223.044,,,326.122,181.648
2020/04/01,181.132,111.321,196.186,323.668,234.208,187.644,304.892,222.517,,,325.915,182.057
2020/04/02,184.603,112.922,196.247,257.791,236.925,187.785,303.837,222.033,,,325.464,189.946
2020/04/03,195.438,112.861,195.998,259.217,240.036,188.655,303.958,199.403,,,324.032,193.001
2020/04/06,188.822,111.501,194.471,259.06,240.143,187.697,303.08,197.553,,,324.817,197.66
2020/04/07,172.432,111.355,193.646,257.637,228.865,184.129,302.511,168.453,,,324.141,203.516
2020/04/08,183.31,112.725,192.124,256.725,271.285,177.426,302.228,168.515,,,209.352,199.481
2020/04/09,177.86,116.205,192.767,256.279,270.563,177.223,302.273,168.751,,,207.319,200.21
2020/04/10,177.86,116.205,192.767,256.279,270.563,177.223,302.273,168.751,,,207.319,200.21
2020/04/13,181.712,131.296,185,256.532,270.319,178.406,301.416,169.267,,,207.486,200.607
2020/04/14,172.807,167.471,185.118,246.452,246.533,178.615,280.319,168.749,,,272.147,267.687
2020/04/15,173.107,165.779,186.373,247.216,241.592,178.529,280.632,169.224,,,270.937,268.844
2020/04/16,168.052,163.344,188.225,231.789,241.888,171.924,261.49,179.628,,,219.588,270.213
2020/04/17,168.096,167.634,187.066,210.146,237.316,172.29,261.573,179.772,,,219.887,264.072
2020/04/20,165.858,165.931,187.808,210.211,236.558,174.22,261.285,178.329,,,215.837,265.59
2020/04/21,166.562,166.892,195.455,213.195,236.433,174.442,261.134,179.5,,,215.816,265.916
2020/04/22,164.016,152.394,203.831,213.378,236.399,174.69,260.773,176.161,,,215.635,270.033
2020/04/23,164.374,169.865,204.31,226.677,240.513,179.714,260.868,173.86,,,197.709,270.339
2020/04/24,164.57,167.406,203.876,226.051,239.868,179.494,265.621,175.743,,,210.534,270.72
2020/04/27,161.912,170.152,204.978,225.182,233.723,176.074,247.813,175.283,,,201.361,269.692
2020/04/28,162.314,170.337,204.912,225.625,238.665,178.6,268.094,177.984,,,206.914,272.721
2020/04/29,163.269,172.837,208.24,226.592,238.555,178.634,267.925,161.442,,,206.387,272.107
2020/04/30,163.337,170.503,204.802,218.176,235.763,178.839,263.93,174.512,,,206.409,270.948
2020/05/01,161.588,175.473,207.341,218.39,236.103,178.908,268.634,174.545,,,209.639,273.21
2020/05/04,162.53,175.295,210.235,227.755,239.371,179.081,274.448,176.118,,,209.428,272.64
2020/05/05,163.2,176.264,209.886,230.843,235.924,178.649,274.448,178.166,,,209.37,273.927
2020/05/06,168.981,186.829,212.963,231.153,241.183,180.976,274.62,178.254,,,209.003,275.982
2020/05/07,167.743,189.292,215.822,233.861,245.031,180.29,274.93,170.774,,,210.57,277.959
2020/05/08,167.442,190.156,213.548,235.525,244.465,180.315,270.629,164.346,,,214.046,274.674
2020/05/11,166.28,191.546,213.586,228.032,248.919,177.239,267.154,166.897,,,213.298,277.523
2020/05/12,162.721,191.124,211.489,229.798,240.568,174.486,258.584,167.133,,,213.534,277.145
2020/05/13,156.399,190.42,211.367,229.413,238.621,173.338,255.065,154.684,,,212.792,272.723
2020/05/14,159.09,190.469,205.123,230.27,236.361,173.881,262.459,162.524,,,212.126,271.939
2020/05/15,151,190.024,208.11,223.806,231.105,173.138,262.23,161.962,,,212.539,266.77
2020/05/18,146.065,190.866,205.22,221.501,230.632,163.4,257.921,155.762,,,202.458,258.387
2020/05/19,141.453,189.746,201.268,203.848,220.29,156.791,250.594,147.2,,,196.407,260.68
2020/05/20,124.568,190.366,177.774,198.221,211.058,149.913,234.77,135.121,,,196.37,254.998
2020/05/21,120.563,190.346,184.993,187.11,205.065,145.748,228.615,134.469,,,196.255,253.868
2020/05/22,130.586,193.153,168.452,187.52,207.509,145.767,228.671,134.741,,,196.744,253.907
2020/05/25,130.586,193.153,168.452,187.52,207.509,145.767,228.671,134.741,,,196.744,253.907
2020/05/26,128.414,192.831,168.853,192.524,205.9,149.904,229.143,139.325,,,196.812,244.56
2020/05/27,129.713,192.249,178.956,192.902,206.3,145.134,242.6,139.081,,,173.09,238.637
2020/05/28,128.01,190.373,183.62,193.821,209.83,145.147,246.97,140.28,,,177.531,241.691
2020/05/29,131.963,191.501,180.918,196.209,213.773,146.977,253.504,134.829,,,177.866,245.379
2020/06/01,131.846,190.975,180.894,195.819,213.668,146.847,253.084,134.829,,,177.418,243.413
2020/06/02,136.958,192.829,185.56,195.703,213.759,146.796,253.381,131.734,,,176.552,243.413
2020/06/03,135.653,190.108,178.394,195.145,212.949,133.214,245.246,134.233,,,176.764,240.123
2020/06/04,133.218,190.491,175.282,191.227,207.681,133.092,245.307,128.43,,,176.857,232.997
2020/06/05,134.636,182.868,174.881,182.639,207.22,132.811,239.497,107.172,,,177.191,232.825
2020/06/08,133.691,178.845,175.34,175.419,204.385,128.354,225.783,115.006,,,177.018,228.393
2020/06/09,134.379,176.902,167.718,172.867,203.424,129.264,225.797,116.033,,,176.998,229.052
2020/06/10,133.339,149.536,167.66,169.093,200.357,125.85,226.18,122.661,,,156.123,227.879
2020/06/11,143.833,149.143,169.967,169.894,201.92,126.674,226.887,123.573,,,157.674,228.962
2020/06/12,144.194,153.482,172.127,170.203,203.725,130.024,240.59,127.671,,,159.293,227.852
2020/06/15,148.573,153.364,171.992,171.66,206.643,129.916,252.139,127.566,,,159.681,227.661
2020/06/16,145.621,152.635,168.526,170.476,206.116,129.664,245.504,123.694,,,158.035,226.548
2020/06/17,141.784,152.935,169.496,166.608,202.782,129.885,245.824,124.049,,,156.619,229.709
2020/06/18,142.483,152.876,164.996,170.582,207.128,129.838,246.114,124.027,,,156.612,230.021
2020/06/19,142.127,153.036,169.612,170.806,207.378,129.896,240.023,124.102,,,157.969,230.233
2020/06/22,137.215,152.905,167.583,171.316,207.121,129.862,235.377,124.186,,,158.09,229.951
2020/06/23,138.906,152.589,167.602,171.238,201.356,129.786,239.11,124.061,,,157.742,228.488
2020/06/24,139.345,152.19,168.13,171.236,201.49,129.684,232.79,125.973,,,158.474,228.361
2020/06/25,137.485,152.725,163.618,170.44,202.021,129.868,232.933,126.245,,,159.216,227.122
2020/06/26,139.819,151.709,167.84,170.259,202.065,130.074,233.234,126.093,,,159.112,227.594
2020/06/29,139.361,150.308,169.641,168.668,202.433,130.385,233.029,126.909,,,159.672,227.214
2020/06/30,137.011,153.684,169.656,168.448,202.328,130.284,219.093,126.334,,,159.039,227.459
2020/07/01,133.033,152.279,169.278,166.868,196.697,129.794,232.62,125.752,,,158.721,227.073
2020/07/02,132.794,153.522,169.544,167.856,196.926,130.154,232.962,125.99,,,158.951,227.401
2020/07/03,132.794,153.522,169.544,167.856,196.926,130.154,232.962,125.99,,,158.951,227.401
2020/07/06,130.391,151.12,167.568,167.998,200.435,130.083,222.627,125.89,,,159.356,227.583
2020/07/07,129.592,154.28,169.991,170.024,196.726,130.29,222.842,126.115,,,159.356,228.012
2020/07/08,128.96,153.768,169.456,170.007,196.047,130.003,221.032,125.916,,,159.356,227.409
2020/07/09,128.019,153.589,170.182,167.545,196.596,129.993,221.023,126.127,,,159.356,225.167
2020/07/10,123.292,153.818,165.155,166.692,189.493,130.081,221.008,125.603,,,159.356,223.755
2020/07/13,123.544,150.377,165.444,166.564,192.23,129.742,220.834,121.438,,,159.356,225.413
2020/07/14,122,149.971,163.908,165.785,190.642,130.047,220.525,121.202,,,159.356,223.366
2020/07/15,118.612,151.068,165.422,167.115,192.013,128.534,217.572,123.659,,,148.008,225.262
2020/07/16,122.302,151.136,165.659,164.186,189.87,128.596,215.138,123.678,,,148.193,224.608
2020/07/17,113.741,151.828,162.279,157.939,186.968,128.817,215.178,120.577,,,156.672,223.456
2020/07/20,113.53,150.981,162.55,154.976,183.256,122.109,214.398,114.208,,,150.896,223.82
2020/07/21,110.766,147.605,158.893,155.062,176.516,121.756,197.109,114.123,,,151.421,222.715
2020/07/22,110.571,149.983,156.248,154.642,176.232,121.597,194.896,114.016,,,150.745,214.895
2020/07/23,111.061,149.96,159.151,155.266,176.658,117.858,190.458,113.549,,,150.102,212.026
2020/07/24,109.302,150.46,156.007,153.99,172.678,117.987,188.907,113.7,,,150.947,211.313
2020/07/27,110.289,150.466,155.986,151.155,172.48,116.366,191.655,113.17,,,150.375,210.174
2020/07/28,108.804,140.207,155.264,149.66,172.862,116.825,190.259,106.078,,,150.156,210.262
2020/07/29,104.382,148.038,155.21,149.405,169.849,116.593,189.992,110.659,,,148.662,206.788
2020/07/30,104.958,144.926,157.83,150.358,167.995,116.776,187.232,108.665,,,149.34,207.419
2020/07/31,101.135,140.477,153.596,147.034,167.691,114.408,180.692,108.652,,,152.354,206.067
2020/08/03,99.519,140.229,152.347,144.872,167.971,114.415,174.759,106.3,,,151.901,205.964
2020/08/04,97.104,140.118,145.575,145.272,162.824,107.85,163.214,100.78,,,137.417,203.655
2020/08/05,93.054,139.396,142.389,143.817,161.863,107.016,159.247,99.808,,,136.705,202.726
2020/08/06,93.099,133.527,140.531,141.44,158.963,107.165,153.026,100.107,,,135.756,202.151
2020/08/07,92.761,134.074,142.406,143.333,157.102,107.333,159.563,100.366,,,137.391,200.69
2020/08/10,95.2,133.387,142.384,143.368,157.085,107.629,160.167,96.558,,,137.123,202.278
2020/08/11,95.943,133.682,142.081,145.55,156.92,106.998,159.208,98.514,,,137.516,201.756
2020/08/12,99.143,133.277,143.507,145.087,160.434,109.752,161.263,98.503,,,136.44,201.483
2020/08/13,98.366,132.711,143.37,144.914,160.213,109.441,161.14,100.43,,,134.243,201.32
2020/08/14,90.274,133.327,143.544,147.611,157.218,110.024,162.708,104.651,,,135.707,201.454
2020/08/17,94.263,130.08,143.6,147.741,159.517,110.027,162.64,98.863,,,131.3,201.857
2020/08/18,100.381,130.308,141.846,147.865,162.526,109.987,167.901,98.91,,,131.916,201.914
2020/08/19,100.312,130.034,141.572,147.36,162.452,109.609,168.165,98.557,,,132.061,201.599
2020/08/20,100.702,130.809,142.065,147.825,162.845,109.499,164.605,100.574,,,131.715,202.167
2020/08/21,100.669,131.065,140.513,147.4,160.916,109.609,164.718,100.663,,,132.598,201.11
2020/08/24,101.6,130.986,140.816,147.045,160.473,109.441,164.468,100.35,,,132.975,200.865
2020/08/25,98.071,130.498,140.667,148.737,160.364,109.494,170.941,99.817,,,131.661,200.712
2020/08/26,98.734,130.919,140.512,148.988,159.403,108.48,170.907,90.121,,,127.054,200.84
2020/08/27,93.783,131.391,140.945,148.398,159.557,108.585,170.849,99.333,,,126.906,201.022
2020/08/28,94.262,131.729,139.468,149.124,155.529,104.795,171.112,99.7,,,127.397,201.602
2020/08/31,93.902,128.121,139.423,140.733,159.683,104.984,162.466,99.451,,,126.936,202.139
2020/09/01,94.031,128.232,139.569,140.916,157.213,103.437,160.223,96.427,,,126.623,202.385
2020/09/02,96.044,127.542,139.397,140.342,155.401,102.8,153.068,98.521,,,126.302,200.384
2020/09/03,96.001,127.525,139.368,140.556,155.379,102.918,152.702,95.616,,,126.366,198.579
2020/09/04,96.033,127.85,139.097,140.199,155.113,102.13,160.511,95.783,,,126.58,198.745
2020/09/07,96.033,127.85,139.097,140.199,155.113,102.13,160.511,95.783,,,126.58,198.745
2020/09/08,101.528,128.152,140.826,140.771,158.678,104.718,160.715,96.177,,,126.768,198.981
2020/09/09,104.362,130.278,143.35,143.201,160.846,106.046,161.486,95.971,,,126.511,201.291
2020/09/10,105.795,129.857,143.053,142.733,160.42,105.498,160.176,99.403,,,126.3,201.121
2020/09/11,107.428,131.758,143.454,143.229,160.865,105.911,164.078,99.857,,,126.278,201.516
2020/09/14,105.431,132.033,145.206,143.069,160.898,105.908,164.132,99.703,,,126.483,200.662
2020/09/15,106.197,131.979,150.161,145.932,161.496,105.915,164.095,102.527,,,126.9,201.925
2020/09/16,105.402,131.124,149.572,145.201,163.364,105.597,163.774,102.264,,,125.697,201.498
2020/09/17,111.225,131.4,149.365,145.857,163.37,105.581,169.97,102.231,,,121.309,201.353
2020/09/18,111.739,131.843,147.309,146.088,159.856,105.798,173.118,102.543,,,121.486,201.396
2020/09/21,112.569,119.456,151.805,145.892,163.577,105.812,169.348,107.177,,,125.495,201.738
2020/09/22,111.164,130.243,149.569,145.989,163.718,108.644,169.342,107.123,,,125.342,201.813
2020/09/23,110.639,129.795,153.047,145.47,163.486,107.829,169.087,106.591,,,124.899,201.62
2020/09/24,112.615,128.889,152.046,145.673,163.566,108.636,169.845,107.583,,,121.619,201.091
2020/09/25,112.674,129.244,152.083,145.764,165.892,108.187,169.218,107.412,,,121.998,201.768
2020/09/28,112.776,129.142,152.432,145.894,166.56,108.327,169.325,107.355,,,121.888,202.003
2020/09/29,113.3,129.113,152.005,150.604,166.316,108.122,169.727,107.321,,,121.937,201.625
2020/09/30,111.956,128.722,151.894,148.331,165.749,107.714,169.345,106.955,,129.968,121.445,201.104
2020/10/01,111.763,128.799,154.392,148.23,165.858,107.544,172.974,106.848,,130.941,121.541,203.013
2020/10/02,112.034,129.234,154.05,148.638,165.908,102.773,173.283,107.287,,130.842,121.4,202.518
2020/10/05,109.436,129.006,153.542,148.188,165.343,109.368,172.85,106.781,,130.455,121.38,201.814
2020/10/06,109.965,127.207,153.633,148.718,165.309,99.805,172.938,88.351,,130.968,121.212,204.115
2020/10/07,105.411,126.09,147.817,147.633,161.794,109.052,172.574,87.813,,130.184,120.489,202.121
2020/10/08,105.686,125.924,142.08,142.37,162.591,108.986,172.297,87.971,,130.282,118.215,201.975
2020/10/09,105.307,128.411,141.888,142.396,162.402,108.949,172.742,101.088,,130.266,119.058,202.757
2020/10/12,105.307,128.411,141.888,142.396,162.402,108.949,172.742,101.088,,130.266,119.058,202.757
2020/10/13,101.775,127.689,142.551,142.827,158.974,106.879,170.976,98.935,,130.817,118.821,203.261
2020/10/14,102.603,127.617,142.266,142.687,156.701,106.878,176.03,99.337,,130.572,119.048,200.604
2020/10/15,101.54,126.928,138.764,142.457,156.54,106.35,176.057,102.112,,128.238,110.374,199.787
2020/10/16,102.084,128.515,138.897,140.277,157.573,106.627,176.219,102.41,,128.566,119.675,199.809
2020/10/19,103.713,126.499,138.736,132.274,157.367,105.986,176.143,102.447,,129,119.787,201.06
2020/10/20,104.307,126.927,137.314,135.014,157.334,100.844,176.02,102.295,,128.919,119.334,200.947
2020/10/21,103.637,125.851,139.623,134.782,155.2,104.718,180.433,102.43,,128.822,115.851,200.75
2020/10/22,103.65,125.914,134.711,134.485,157.02,99.647,181.767,102.168,,128.622,118.479,200.37
2020/10/23,103.721,126.43,134.811,134.699,157.131,106.162,182.129,102.33,,129.494,118.944,201.742
2020/10/26,104.53,126.736,134.683,134.888,155.656,105.61,181.104,104.121,,129.753,119.37,201.812
2020/10/27,101.072,126.532,137.136,134.994,155.78,105.577,181.257,104.095,155.362,129.726,118.998,201.538
2020/10/28,103.942,126.712,132.798,135.012,155.729,105.618,154.312,102.73,152.937,129.745,119.237,201.494
2020/10/29,102.436,126.877,138.728,134.85,154.871,105.536,184.1,110.818,159.604,129.713,119.236,201.001
2020/10/30,102.39,126.866,137.619,134.706,154.571,108.004,184.922,110.357,160.186,124.84,119.348,202.317
2020/11/02,104.913,126.502,138.103,136.752,158.823,108.021,183.865,104.133,160.23,131.536,119.475,202.808
2020/11/03,112.247,125.043,138.9,133.522,158.773,104.751,183.773,103.72,157.359,123.325,117.904,202.346
2020/11/04,107.477,127.486,141.109,137.155,157.953,108.057,186.545,101.591,156.228,130.634,108.777,202.908
2020/11/05,102.046,126.307,138.164,136.626,154.305,104.056,179.763,100.439,155.138,129.736,119.54,203.016
2020/11/06,101.534,127.387,137.66,129.293,152.114,105.058,180.04,101.236,155.374,130.22,119.938,201.027
2020/11/09,101.672,124.791,130.117,128.635,153.194,102.947,177.669,99.046,144.706,128.347,118.756,200.797
2020/11/10,99.9,123.912,130.291,128.268,149.232,101.845,179.115,98.043,138.677,129.656,115.989,201.097
2020/11/11,99.9,123.912,130.291,128.268,149.232,101.845,179.115,98.043,138.677,129.656,115.989,201.097
2020/11/12,100.127,123.022,129.927,128.169,145.317,101.561,178.855,97.698,141.375,129.268,115.448,202.879
2020/11/13,100.677,123.782,130.132,128.956,145.656,102.18,181.01,98.454,143.92,130.091,116.139,201.67
2020/11/16,100.938,122.6,127.55,131.795,146.664,102.293,189.114,95.383,143.554,130.839,115.454,201.859
2020/11/17,98.445,122.983,128.599,130.832,145.97,101.395,189.743,95.835,143.2,136.038,114.25,201.773
2020/11/18,97.951,123.493,129.207,130.93,140.484,101.493,189.416,95.723,144.274,136.376,114.759,202.012
2020/11/19,96.42,123.243,129.506,130.883,142.833,101.507,188.739,95.611,145.241,136.262,114.107,199.818
2020/11/20,92.925,123.27,129.373,130.681,142.425,102.085,188.947,87.191,148.229,136.777,114.475,199.258
2020/11/23,95.859,122.384,135.076,130.214,141.464,103.163,191.362,97.281,147.412,136.124,114.33,199.864
2020/11/24,95.745,122.595,136.906,128.058,139.437,101.332,189.089,97.361,147.563,136.029,113.448,199.842
2020/11/25,90.598,123.048,137.324,128.678,139.857,102.53,190.118,100.869,148.206,137.359,114.434,200.496
2020/11/26,90.598,123.048,137.324,128.678,139.857,102.53,190.118,100.869,148.206,137.359,114.434,200.496
2020/11/27,93.875,122.83,137.527,128.949,139.912,102.39,184.612,100.735,148.146,137.404,115.148,200.618
2020/11/30,93.671,125.091,160.117,123.581,137.969,101.554,188.223,110.447,142.148,136.743,116.047,199.968
2020/12/01,84.838,106.426,182.08,123.295,137.721,100.178,188.304,116.682,140.263,139.861,116.784,200.958
2020/12/02,95.156,113.113,162.43,123.291,137.539,104.608,182.335,117.061,140.182,141.852,115.886,203.344
2020/12/03,93.848,120.558,168.437,122.411,137.685,101.268,189.614,112.236,137.655,142.829,116.191,203.654
2020/12/04,91.059,124.224,167.263,122.396,141.581,99.159,186.924,112.43,133.847,142.163,105.84,203.182
2020/12/07,92.392,124.099,167.15,126.936,138.771,104.461,178.224,112.248,135.415,141.319,117.12,203.367
2020/12/08,91.768,123.203,166.075,126.778,138.727,103.696,177.804,115.925,134.686,140.999,116.408,201.989
2020/12/09,92.111,123.79,163.286,126.883,139.059,95.547,182.249,116.398,130.95,140.92,116.618,202.971
2020/12/10,88.527,123.545,166.608,126.628,141.241,102.718,182.354,115.698,136.413,140.026,116.637,202.801
2020/12/11,83.405,123.963,162.817,122.525,141.281,95.394,182.878,116.821,132.625,140.194,117.145,203.213
2020/12/14,86.648,123.553,166.847,126.549,137.128,102.693,182.908,114.472,131.6,139.991,116.546,203.466
2020/12/15,85.908,123.729,163.332,125.699,138.781,103.195,182.418,114.79,134.125,140.041,117.038,203.07
2020/12/16,85.78,123.291,164.001,125.623,138.294,102.98,184.271,113.168,134.186,139.828,116.303,202.811
2020/12/17,85.189,118.229,166.78,125.606,136.039,100.591,171.584,111.752,130.641,139.875,112.266,202.982
2020/12/18,84.347,118.692,166.555,126.013,133.75,100.814,171.691,111.313,130.64,140.184,112.734,202.743
2020/12/21,88.042,118.109,166.636,125.616,137.723,100.863,171.712,110.552,130.273,139.333,112.129,202.796
2020/12/22,88.039,117.214,166.657,125.096,137.734,98.264,171.224,110.409,130.31,138.964,111.299,202.859
2020/12/23,87.704,116.587,167.05,124.546,137.466,95.982,179.508,110.46,129.91,138.086,110.958,202.269
2020/12/24,88.323,117.003,167.185,125.152,137.692,95.853,179.287,110.518,130.417,138.555,110.147,202.595
2020/12/25,88.323,117.003,167.185,125.152,137.692,95.853,179.287,110.518,130.417,138.555,110.147,202.595
2020/12/28,97.944,118.076,167.429,123.638,137.768,99.257,179.344,110.406,129.282,138.561,111.884,203.014
2020/12/29,97.747,116.181,167.648,124.759,137.646,99.215,174.425,110.802,130.642,137.133,110.363,202.537
2020/12/30,96.526,116.721,167.445,113.728,133.904,98.793,174.869,110.676,131.163,137.413,110.874,202.282
2020/12/31,94.749,116.634,167.412,113.873,134.234,98.751,174.787,110.714,131.17,137.488,112.028,202.488
2021/01/01,94.749,116.634,167.412,113.873,134.234,98.751,174.787,110.714,131.17,137.488,112.028,202.488
2021/01/04,91.185,117.07,170.155,113.598,134.011,98.504,180.276,108.958,130.451,136.838,112.958,202.17
2021/01/05,94.837,117.303,167.975,114.213,134.171,98.309,180.019,109.076,131.237,140.355,113.205,201.441
2021/01/06,94.003,116.39,177.038,114.064,131.206,98.671,179.15,108.569,132.263,141.717,112.238,203.177
2021/01/07,125.853,116.338,176.163,124.362,135.914,111.844,171.179,109.753,132.149,143.046,112.191,203.089
2021/01/08,129.234,116.692,196.664,126.638,135.364,123.922,183.939,110.685,141.222,143.598,112.509,202.488
2021/01/11,113.828,116.749,183.408,126.254,136.841,125.203,177.544,110.452,139.274,143.362,112.415,201.818
2021/01/12,119.167,116.118,185.403,126.841,137.71,126.346,182.145,103.13,135.638,145.499,112.814,203.757
2021/01/13,115.091,115.2,195.181,125.968,137.256,125.824,183.361,108.956,135.026,144.643,111.889,201.148
2021/01/14,116.317,114.971,200.782,126.141,136.98,120.18,179.285,109.158,129.514,144.576,111.006,201.274
2021/01/15,113.58,117.32,192.775,126.352,127.351,121.242,177.101,115.91,130.105,145.209,111.841,201.681
2021/01/18,113.58,117.32,192.775,126.352,127.351,121.242,177.101,115.91,130.105,145.209,111.841,201.681
2021/01/19,103.629,117.046,185.721,125.57,134.119,115.405,174.485,112.393,129.037,144.575,112.101,200.928
2021/01/20,100.59,117.57,183.134,120.101,134.282,115.691,176.83,105.892,126.444,144.803,111.35,201.172
2021/01/21,95.226,117.596,183.033,120.236,131.796,111.14,176.964,103.751,122.542,145.418,110.81,198.364
2021/01/22,96.029,118.017,182.841,118.88,130.956,110.693,165.483,95.565,122.72,145.269,110.674,198.785
2021/01/25,95.9,117.661,179.631,117.858,117.735,107.304,169.53,95.225,116.045,142.191,109.565,197.989
2021/01/26,94.061,115.587,179.674,117.237,119.51,107.17,168.963,99.071,115.409,142.038,109.717,197.643
2021/01/27,95.045,115.253,180.004,117.865,117.091,106.55,168.768,96.531,116.302,141.914,101.868,196.125
2021/01/28,95.436,114.623,172.885,117.474,120.362,106.582,168.518,96.38,112.718,141.123,107.39,195.226
2021/01/29,95.758,114.829,173.064,117.795,114.798,105.858,169.334,100.368,117.491,142.125,108.203,196.809
2021/02/01,95.441,113.773,172.497,112.68,116.606,105.345,168.567,91.792,116.966,141.634,107.635,196.208
2021/02/02,89.883,113.605,165.565,109.645,110.15,104.301,159.986,92.293,112.541,140.645,107.992,196.506
2021/02/03,82.681,113.393,154.89,109.864,109.09,105.308,160.455,93.19,110.643,141.674,107.343,193.688
2021/02/04,71.81,112.089,149.226,109.95,106.247,102.913,153.177,90.831,107.374,141.484,107.072,193.199
2021/02/05,66.201,109.707,149.309,106.704,106.395,101.259,151.567,90.964,109.5,139.839,107.577,192.551
2021/02/08,66.526,110.127,146.681,106.423,103.271,101.404,151.626,91.03,109.383,139.937,107.146,192.035
2021/02/09,70.859,110.068,146.414,106.237,102.922,99.519,142.385,90.787,108.965,139.797,105.714,191.349
2021/02/10,72.339,108.763,146.482,106.397,102.567,99.615,149.033,90.777,109.296,139.681,104.844,191.446
2021/02/11,72.26,108.609,146.71,106.169,102.734,98.584,149.022,86.114,109.188,137.342,103.611,191.299
2021/02/12,69.3,108.125,143.048,106.182,102.32,98.803,151.829,90.568,111.591,137.949,102.373,190.944
2021/02/15,69.3,108.125,143.048,106.182,102.32,98.803,151.829,90.568,111.591,137.949,102.373,190.944
2021/02/16,66.869,105.991,141.998,100.655,98.357,97.757,144.916,79.191,106.697,137.088,100.832,189.75
2021/02/17,66.288,107.63,137.501,103.063,95.411,98.01,138.418,87.68,107.026,139.089,101.525,189.615
2021/02/18,65.702,106.526,134.088,103.066,92.175,97.29,135.977,88.87,99.928,139.582,104.647,191.107
2021/02/19,66.275,107.711,133.692,103.18,83.625,98.057,140.655,86.94,105.91,140.213,92.768,176.5
2021/02/22,68.303,105.592,133.65,100.27,72.76,100.532,136.68,81.925,105.956,140.949,102.345,189.185
2021/02/23,70.504,96.188,132.793,100.382,74.682,96.826,136.585,78.055,105.223,138.392,87.313,189.383
2021/02/24,69.291,102.809,132.818,96.436,77.171,95.334,137.515,83.011,103.986,136.487,86.087,188.893
2021/02/25,72.22,101.636,132.392,99.808,79.812,98.611,131.668,88.703,106.286,136.801,85.099,190.567
2021/02/26,80.415,100.281,132.147,102.79,84.685,98.86,121.149,90.794,111.675,142.406,98.899,186.78
2021/03/01,78.643,100.713,130.276,100.642,80.652,99.213,121.782,88.586,108.905,143.316,99.249,186.152
2021/03/02,77.279,101.104,131.045,100.574,80.615,95.824,124.758,88.286,108.711,142.585,99.885,188.989
2021/03/03,79.894,100.94,133.224,100.917,80.491,96.369,129.765,85.55,109.564,140.88,99.584,187.146
2021/03/04,79.3,100.916,133.379,100.4,78.535,96.412,130.757,85.35,109.642,141.08,99.364,186.647
2021/03/05,80.218,101.352,134.875,103.405,80.029,100.489,128.304,91.067,112.298,143.548,99.943,187.169
2021/03/08,86.85,101.167,136.872,107.688,84.058,102.107,126.886,90.803,119.858,147.809,98.637,188.678
2021/03/09,91.93,102.709,138.667,109.06,84.515,101.971,131.091,87.58,121.12,148.225,100.432,190.487
2021/03/10,91.842,100.623,139.074,109.176,86.152,101.711,132.141,86.989,121.829,147.741,98.854,189.595
2021/03/11,88.749,100.713,139.293,108.425,86.426,101.288,134.886,90.275,126.379,148.193,99.141,190.739
2021/03/12,90.725,100.773,141.472,108.547,86.299,103.787,135.316,93.03,125.774,147.518,98.733,193.118
2021/03/15,89.166,100.792,141.556,107.419,86.865,103.737,125.506,93.028,125.611,147.538,99.539,192.764
2021/03/16,89.092,100.808,141.472,107.315,86.644,100.747,131.256,93.126,125.645,147.638,99.338,193.243
2021/03/17,84.775,100.406,132.737,107.535,85.943,99.864,126.919,92.981,128.45,147.558,99.376,192.851
2021/03/18,85.89,100.081,144.265,107.513,86.343,99.552,128.027,92.9,126.305,147.368,94.751,195.05
2021/03/19,83.283,100.257,142.936,107.461,83.948,100.773,121.957,92.074,124.86,148.085,94.683,193.448
2021/03/22,83.346,100.693,139.126,107.485,84.128,100.193,124.811,77.987,118.988,147.634,95.748,193.129
2021/03/23,82.706,100.234,139.561,107.535,80.837,94.538,119.208,88.774,119.053,143.65,94.466,191.007
2021/03/24,82.63,99.935,139.604,107.626,80.925,94.392,123.043,88.654,119.03,144.216,94.078,189.337
2021/03/25,88.369,99.121,139.438,107.429,79.219,91.347,129.452,89.173,119.215,144.236,94.188,192.652
2021/03/26,86.606,96.648,136.823,107.463,79.131,91.391,123.552,89.166,128.574,144.151,95.059,188.751
2021/03/29,89.28,97.271,137.835,107.566,79.3,90.322,127.517,87.46,127.871,141.721,95.418,188.383
2021/03/30,87.998,96.247,138.766,109.733,85.605,86.238,103.996,87.06,127.943,146.187,93.782,187.483
2021/03/31,85.815,94.786,138.414,109.306,80.031,91.877,123.569,82.174,127.697,145.342,88.332,182.684
2021/04/01,85.616,94.944,135.945,108.844,80.056,91.91,104.391,82.189,132.015,141.633,89.42,182.878
2021/04/02,85.504,95.39,132.835,104.926,79.866,91.502,103.926,87.703,131.196,141.037,91.832,178.463
2021/04/05,87.369,93.827,133.848,105.835,80.993,88.812,149.773,87.707,129.863,140.809,87.797,178.833
2021/04/06,84.794,94.165,133.598,105.758,78.759,89.163,131.892,88.175,132.928,141.527,87.805,179.033
2021/04/07,86.949,91.766,136.123,106.667,78.952,86.436,119.688,88.195,133.787,138.633,88.123,182.316
2021/04/08,86.907,91.945,139.211,104.219,83.786,86.406,121.006,87.975,146.971,139.4,89.887,184.073
2021/04/09,88.354,94.259,141.152,107.338,84.049,88.152,126.355,88.082,149.532,140.588,93.572,184.331
2021/04/12,88.733,98.234,139.205,107.267,84.145,87.632,115.231,87.47,147.36,139.997,95.412,184.644
2021/04/13,88.736,98.011,141.401,107.104,86.172,92.542,130.749,90.178,152.242,143.878,95.131,186.695
2021/04/14,88.583,97.263,141.609,110.867,90.065,92.335,130.45,92.973,159.219,144.374,94.81,188.536
2021/04/15,94.641,100.471,144.76,113.864,90.907,92.399,133.428,93.007,161.303,145.049,97.931,188.435
2021/04/16,94.34,100.888,143.606,113.62,90.886,91.507,135.018,93.236,164.243,142.893,97.588,188.407
2021/04/19,94.349,100.896,144.254,113.471,90.982,91.645,134.699,93.977,163.866,144.293,99.606,187.953
2021/04/20,94.616,100.625,146.384,113.231,91.762,91.651,134.843,91.372,153.527,144.884,99.902,188.362
2021/04/21,93.036,99.388,145.243,113.019,90.664,91.531,134.623,93.34,158.503,144.8,99.146,187.21
2021/04/22,93.422,99.573,145.549,111.488,91.145,91.426,132.687,89.031,159.213,142.659,100.082,186.617
2021/04/23,94.184,100.401,142.023,111.008,91.022,89.065,124.595,85.007,157.203,142.562,99.35,185.981
2021/04/26,92.606,100.4,143.321,110.899,91.02,90.461,128.962,85.163,162.247,142.856,99.895,185.754
2021/04/27,91.41,89.08,142.902,111.354,90.292,91.05,129.637,88.374,160.933,143.088,99.483,184.481
2021/04/28,88.272,90.568,143.107,111.395,89.874,90.926,129.995,88.666,160.208,143.889,99.483,183.756
2021/04/29,80.637,99.292,144.296,108.564,89.69,90.567,129.622,88.397,159.982,142.256,99.336,182.809
2021/04/30,76.601,99.681,144.247,108.709,89.22,90.806,129.915,88.578,157.01,142.975,99.685,182.977
2021/05/03,78.818,99.777,144.207,108.477,87.426,88.25,129.648,85.367,156.602,141.419,99.573,182.701
2021/05/04,78.559,100.215,120.976,108.23,87.41,88.913,129.832,84.873,152.705,143.147,99.961,184.206
2021/05/05,75.164,101.072,142.53,104.412,87.303,88.408,129.346,83.849,152.809,140.125,98.941,186.247
2021/05/06,75.2,101.131,138.527,104.253,85.319,88.092,129.513,83.109,150.882,139.036,99.19,186.341
2021/05/07,75.39,101.439,141.798,104.342,86.258,85.087,130.366,83.612,149.207,139.927,99.754,185.729
2021/05/10,74.292,101.515,143.847,104.537,86.095,84.985,131.814,84.428,149.696,140.686,99.806,184.935
2021/05/11,77.18,100.875,143.647,104.297,86.168,86.42,131.913,85.678,167.108,139.224,100.085,184.613
2021/05/12,76.739,99.892,142.893,103.668,83.008,86.107,130.843,85.28,166.773,139.28,98.592,185.771
2021/05/13,78.518,99.385,143.303,103.513,84.575,89.755,130.985,85.421,166.645,143.088,99.217,185.782
2021/05/14,76.922,99.807,143.346,103.517,87.826,89.943,129.022,85.612,164.015,140.359,99.259,183.667
2021/05/17,76.962,100.368,144.578,103.365,87.787,85.556,128.553,85.539,163.801,141.229,99.662,184.675
2021/05/18,77.079,90.939,145.949,102.438,86.667,85.807,126.74,82.947,163.964,142.297,99.39,184.847
2021/05/19,74.784,93.068,144.568,102.301,84.567,85.532,122.551,76.811,163.995,140.496,98.645,184.821
2021/05/20,78.647,97.032,144.888,102.181,84.972,85.494,122.158,85.246,158.546,140.91,98.885,184.916
2021/05/21,77.235,94.566,147.319,96.833,85.005,85.563,124.777,77.177,158.502,139.097,98.607,184.944
2021/05/24,77.129,85.541,147.425,92.353,84.898,85.552,124.806,80.949,158.507,142.169,93.439,182.516
2021/05/25,76.889,100.423,145.814,92.329,84.875,85.422,130.142,76.107,156.339,142.075,101.703,182.355
2021/05/26,77.443,100.068,145.787,92.501,85.293,85.794,133.379,76.567,156.903,142.544,101.364,181.895
2021/05/27,74.46,99.937,145.729,92.318,81.606,85.319,117.124,79.717,156.653,142.258,101.369,183.395
2021/05/28,76.693,100.135,145.859,92.165,81.679,85.575,117.856,79.787,156.516,142.307,101.735,183.387
2021/05/31,76.693,100.135,145.859,92.165,81.679,85.575,117.856,79.787,156.516,142.307,101.735,183.387
2021/06/01,72.274,94.076,143.863,88.414,82.057,85.103,117.627,79.646,153.387,138.915,101.665,179.341
2021/06/02,74.099,94.168,143.123,88.437,82.046,78.302,117.423,79.736,153.798,139.494,101.09,176.508
2021/06/03,74.783,93.966,144.615,87.724,81.921,78.146,117.264,76.875,153.344,139.122,101.136,176.134
2021/06/04,74.96,93.812,140.676,87.782,82.172,78.453,117.391,77.128,153.735,140.79,101.274,177.457
2021/06/07,74.017,93.665,140.678,87.747,78.924,80.834,122.135,76.964,153.571,140.676,100.833,176.007
2021/06/08,76.479,94.384,140.527,87.789,79.175,81.009,123.271,77.087,153.608,138.585,100.457,176.809
2021/06/09,76.39,92.614,135.819,87.597,81.172,80.869,123.631,77.024,154.05,138.568,100.27,178.162
2021/06/10,76.521,91.972,134.5,86.71,79.632,80.722,105.45,76.731,153.941,138.344,99.98,178.434
2021/06/11,75.701,95.605,133.58,86.708,81.662,81.003,105.768,76.967,153.054,135.746,100.365,174.085
2021/06/14,73.791,94.349,134.722,86.337,81.577,77.482,117.201,74.29,152.805,136.278,100.632,175.167
2021/06/15,76.146,93.703,133.115,88.533,81.41,78.503,117.203,73.793,152.838,138.806,100.499,174.671
2021/06/16,75.765,92.737,131.748,87.303,80.874,78.165,114.776,74.089,152.191,138.092,100.181,174.312
2021/06/17,77.786,92.545,126.003,87.485,78.952,80.046,113.815,73.165,151.001,138.336,100.341,172.935
2021/06/18,78.324,92.848,127.993,87.637,74.918,77.876,118.34,73.641,151.039,132.142,96.235,167.418
2021/06/21,77.93,93.173,124.764,87.514,82.574,74.686,118.413,70.716,150.963,133.369,101.128,167.607
2021/06/22,75.908,91.772,124.786,87.006,82.446,76.009,107.54,69.928,151.131,133.331,100.94,168.517
2021/06/23,74.687,88.726,112.989,82.189,77.552,75.378,112.51,63.207,150.016,133.075,100.257,167.147
2021/06/24,72.563,88.293,121.287,81.997,77.398,75.302,113.707,71.358,149.894,132.981,100.295,166.649
2021/06/25,72.882,85.713,121.419,82.209,77.647,72.414,106.473,68.472,143.43,133.408,100.635,167.95
2021/06/28,76.192,86.66,112.276,77.694,77.316,72.094,106.449,57.988,143.116,133.021,100.971,169.238
2021/06/29,73.627,86.664,121.106,77.695,72.761,70.523,106.474,67.012,143.428,129.925,95.109,164.04
2021/06/30,71.77,81.967,120.991,77.452,72.622,70.087,106.224,66.889,143.624,129.764,95.179,166.544
2021/07/01,71.853,84.728,121,76.691,72.528,69.745,105.786,59.93,143.38,129.377,95.499,166.408
2021/07/02,72.234,84.87,121.046,76.836,72.79,69.967,105.95,61.017,143.59,129.587,95.97,165.328
2021/07/05,72.234,84.87,121.046,76.836,72.79,69.967,105.95,61.017,143.59,129.587,95.97,165.328
2021/07/06,73.657,86.701,121.442,76.931,73.007,70.234,106.899,61.277,141.602,130.036,96.678,165.697
2021/07/07,79.787,85.858,119.612,80.549,76.591,66.878,106.995,61.301,146.832,127.07,95.742,159.427
2021/07/08,80.61,85.983,119.791,80.562,76.673,66.927,113.51,63.481,146.868,127.56,95.89,158.579
2021/07/09,79.296,86.364,119.452,80.493,76.535,67.074,112.047,63.598,146.676,115.679,95.78,160.338
2021/07/12,78.444,87.198,120.72,80.482,76.544,67.061,114.505,64.439,142.895,112.622,96.257,161.56
2021/07/13,74.592,85.491,114.686,76.896,72.369,67.685,115.776,61.979,140.253,110.367,95.023,157.978
2021/07/14,75.535,84.625,119.582,80.365,76.529,66.817,112.596,63.877,143.542,113.484,94.434,160.954
2021/07/15,76.933,84.754,118.617,80.397,72.521,66.752,112.655,62.939,145.437,110.608,94.325,164.376
2021/07/16,77.429,85.388,118.782,80.601,73.065,66.968,112.981,63.167,145.487,112.201,94.934,165.044
2021/07/19,81.229,85.692,119.09,80.658,75.196,64.715,118.485,63.11,145.91,111.96,96.666,165.501
2021/07/20,83.849,85.724,120.419,83.289,74.918,64.944,121.386,60.984,146.034,110.992,95.908,160.847
2021/07/21,79.143,85.925,120.015,83.013,74.978,67.907,112.396,60.711,141.614,111.644,95.777,159.657
2021/07/22,76.723,84.931,120.132,83.142,74.814,68.008,117.725,60.79,144.797,110.946,95.648,160.42
2021/07/23,78.661,85.118,121.237,83.351,72.816,68.325,118.115,63.203,144.992,112.033,96.12,160.894
2021/07/26,82.021,85.56,121.787,89.354,77.358,68.132,123.72,62.972,144.843,112.561,96.116,158.659
2021/07/27,94.931,87.054,135.335,103.691,82.423,72.488,142.82,64.629,217.732,109.269,97.075,158.332
2021/07/28,96.854,85.85,122.932,103.901,79.331,71.99,149.709,63.999,228.092,111.277,96.169,159.241
2021/07/29,86.236,85.69,111.594,100.531,72.847,63.536,138.62,64.09,208.08,112.891,96.935,157.774
2021/07/30,84.223,87.21,111.664,98.504,78.407,71.959,136.434,64.275,214.412,111.603,98.876,157.718
2021/08/02,84.094,86.71,111.732,98.34,78.304,69.064,138.381,59.485,214.377,111.373,98.15,159.437
2021/08/03,84.292,86.863,120.993,98.498,78.808,71.478,138.448,59.556,214.287,112.51,98.074,160.712
2021/08/04,89.598,85.493,120.54,98.116,78.118,66.685,137.316,59.476,210.976,112.57,97.239,159.833
2021/08/05,89.298,85.705,117.294,97.947,76.005,68.753,133.065,63.912,210.672,112.528,97.331,159.503
2021/08/06,89.376,85.642,120.732,97.978,75.936,71.435,127.172,68.271,215.19,111.145,97.083,155.397
2021/08/09,89.644,86.479,120.794,98.016,76.225,71.529,127.25,64.011,214.962,111.747,97.327,154.868
2021/08/10,83.49,86.535,120.354,97.869,76.169,73.301,127.233,63.885,212.125,113.22,97.872,136.918
2021/08/11,83.114,85.558,120.476,96.045,73.732,71.37,127.067,62.264,200.985,113.636,98.269,158.004
2021/08/12,82.866,87.174,120.585,96.024,77.308,73.617,127.269,64.251,193.626,114.272,96.724,157.888
2021/08/13,84.959,87.218,120.856,96.255,77.389,73.316,127.565,63.064,193.835,113.869,96.667,158.245
2021/08/16,85.096,87.949,120.228,96.579,77.7,73.815,127.918,65.35,195.999,114.677,88.99,158.035
2021/08/17,87.291,87.403,119.037,96.567,77.459,73.721,127.922,65.258,195.912,112.763,88.889,157.964
2021/08/18,87.341,86.608,115.666,96.625,77.667,74.009,127.516,65.458,195.262,113.966,88.91,157.76
2021/08/19,88.275,85.162,118.922,97.025,77.547,73.514,127.824,65.002,197.462,114.195,88.219,157.675
2021/08/20,86.257,85.303,118.843,96.95,73.508,73.118,127,64.915,199.855,113.3,98.478,155.131
2021/08/23,94.546,86.808,119.104,97.242,73.788,73.536,126.671,65.218,199.612,114.489,99.286,155.112
2021/08/24,88.175,86.47,118.733,97.135,73.536,73.454,129.026,64.729,197.005,113.041,99.096,155.705
2021/08/25,84.735,86.204,117.391,96.959,73.629,73.004,128.607,59.576,196.675,114.399,99.161,156.328
2021/08/26,84.905,82.544,117.472,94.464,71.518,73.184,123.491,65.303,197.041,113.317,98.773,155.653
2021/08/27,84.888,85.719,117.744,94.391,73.539,73.351,123.736,65.419,197.077,113.945,86.531,155.263
2021/08/30,85.724,86.582,117.942,96.511,77.139,73.576,128.729,65.476,194.983,114.411,87.594,156.959
2021/08/31,85.309,85.686,117.531,96.316,72.146,73.276,151.675,61.196,192.503,114.882,86.813,155.702
2021/09/01,84.975,85.738,117.655,93.315,72.371,73.174,126.266,61.749,192.622,115.177,98.855,155.874
2021/09/02,86.236,84.457,117.393,92.897,72.623,72.049,125.581,53.518,183.296,114.525,97.68,155.114
2021/09/03,86.3,84.389,105.34,92.81,72.603,72.223,125.49,62.419,183.152,113.908,97.599,155.161
2021/09/06,86.3,84.389,105.34,92.81,72.603,72.223,125.49,62.419,183.152,113.908,97.599,155.161
2021/09/07,86.181,73.357,118.712,93.106,69.747,72.679,121.277,62.879,178.221,111.939,97.856,156.99
2021/09/08,86.145,74.463,119.031,89.624,70.083,63.854,123.638,63.059,175.03,112.187,93.619,156.125
2021/09/09,82.379,85.889,116.147,88.592,65.796,72.149,120.351,60.286,172.68,111.633,92.217,154.632
2021/09/10,85.67,85.821,116.067,85.203,69.538,68.274,120.248,60.268,175.01,112.969,92.389,151.482
2021/09/13,84.691,86.606,116.225,88.781,69.342,72.455,120.39,60.382,175.679,109.693,92.364,149.316
2021/09/14,84.446,86.621,114.034,88.691,69.179,72.355,122.052,60.28,171.237,108.931,93.459,149.415
2021/09/15,89.54,86.731,99.329,88.932,69.624,72.722,122.342,58.506,178.457,106.572,91.324,149.329
2021/09/16,87.732,85.563,103.86,88.401,77.617,70.472,121.08,58.19,178.046,107.066,91.897,149.741
2021/09/17,87.9,83.282,111.723,88.255,71.988,70.478,120.997,60.964,181.886,107.199,92.15,143.25
2021/09/20,93.7,82.182,112.071,94.899,74.652,72.704,121.395,69.384,190.207,106.021,91.237,148.843
2021/09/21,95.44,83.597,112.991,97.04,74.685,72.792,121.743,59.343,186.359,106.444,91.502,147.481
2021/09/22,93.434,83.409,111.851,89.91,74.69,70.728,121.672,59.376,185.24,106.204,92.674,144.84
2021/09/23,94.286,83.139,111.154,96.651,71.306,73.356,121.548,57.918,185.052,106.067,92.486,146.006
2021/09/24,94.305,83.397,111.121,96.785,75.145,72.283,121.476,63.245,184.135,108.003,91.433,147.224
2021/09/27,91.447,82.771,113.873,99.086,75.021,72.967,121.449,62.586,183.657,108.096,92.222,145.374
2021/09/28,92.643,87.738,113.534,98.807,70.606,73.163,116.607,62.81,183.643,108.224,92.704,147.311
2021/09/29,95.292,86.27,113.954,98.984,76.28,80.488,119.425,65.254,184.124,108.804,93.813,148.704
2021/09/30,93.47,81.827,110.457,98.734,80.466,74.459,122.627,64.876,183.985,108.452,93.364,149.434
2021/10/01,91.909,80.431,115.824,98.961,76.34,78.062,122.53,64.953,186.97,108.765,94.409,149.554
2021/10/04,95.434,85.186,116.308,99.029,73.298,78.262,122.803,71.47,186.779,109.072,102.363,152.442
2021/10/05,95.894,85.719,116.177,99.012,73.406,78.831,119.411,71.571,188.823,108.391,102.472,152.245
2021/10/06,99.696,85.279,116.241,102.236,77.577,80.976,124.253,65.566,188.866,108.827,102.603,152.389
2021/10/07,95.992,84.901,115.712,101.865,81.415,80.422,123.96,65.097,189.444,108.328,102.377,151.594
2021/10/08,96.192,84.563,115.731,101.651,76.817,80.14,123.88,64.999,185.612,108.135,102.161,152.753
2021/10/11,96.192,84.563,115.731,101.651,76.817,80.14,123.88,64.999,185.612,108.135,102.161,152.753
2021/10/12,104.321,81.909,126.519,108.249,83.496,82.168,146.494,67.046,191.261,108.129,101.797,154.479
2021/10/13,110.51,85.894,111.895,105.479,85.465,78.93,129.066,60.548,190.986,108.261,96.442,150.039
2021/10/14,105.697,80.5,114.383,107.779,86.396,74.782,125.518,64.698,188.839,106.354,94.666,153.114
2021/10/15,105.957,83.255,114.461,103.082,83.653,74.83,130.764,64.735,185.255,106.611,95.33,152.757
2021/10/18,97.488,81.092,112.297,108.515,83.406,78.276,124.692,64.258,184.967,108.546,95.009,147.326
2021/10/19,94.742,87.623,108.018,114.832,92.934,94.49,132.585,76.677,194.314,108.976,106.406,150.029
2021/10/20,94.018,93.837,114.411,105.657,82.556,80.649,126.11,65.948,184.06,109.474,105.928,149.539
2021/10/21,90.935,83.236,114.025,105.192,82.118,80.008,133.255,65.743,183.52,109.182,96.999,148.406
2021/10/22,94.999,82.722,112.045,97.493,84.941,75.945,125.133,65.717,184.2,109.64,96.966,146.558
2021/10/25,89.322,85.763,111.407,99.051,82.242,75.503,125.33,65.023,182.59,107.061,97.461,149.779
2021/10/26,82.918,83.732,109.348,94.588,85.383,75.515,133.396,62.006,182.467,107.391,95.815,147.867
2021/10/27,93.277,84.094,108.049,100.695,84.466,72.477,125.966,62.553,182.623,106.086,95.034,148.138
2021/10/28,95.669,84.16,105.37,100.498,85.472,71.883,125.688,58.937,183.917,106.286,96.15,143.252
2021/10/29,97.861,87.108,111.447,102.125,83.784,72.796,114.203,61.987,184.251,107.029,96.657,146.169
2021/11/01,122.13,96.177,135.046,123.886,110.67,93.955,132.475,82.564,205.746,125.642,109.936,170.037
2021/11/02,115.102,94.858,134.13,124.384,105.647,94.546,143.879,80.916,205.904,125.931,109.104,168.784
2021/11/03,115.284,94.186,134.052,122.502,107.025,93.528,142.991,81.125,205.741,125.869,109.845,168.911
2021/11/04,113.904,93.283,135.278,121.636,106.149,93.895,141.271,80.905,208.082,126.269,108.992,169.659
2021/11/05,117.194,92.307,133.375,122.461,103.404,90.333,142.87,80.451,209.401,125.677,108.652,168.498
2021/11/08,118.076,94.446,133.238,125.393,109.176,93.118,150.296,82.052,213.991,123.712,110.204,167.428
2021/11/09,122.692,94.692,132.189,124.18,112.575,92.942,150.23,80.592,218.796,124.904,112.723,165.748
2021/11/10,122.733,95.799,130.649,123.408,109.63,90.03,149.088,80.96,222.354,124.765,113.359,163.789
2021/11/11,122.733,95.799,130.649,123.408,109.63,90.03,149.088,80.96,222.354,124.765,113.359,163.789
2021/11/12,125.507,98.943,128.656,123.809,113.304,90.047,145.065,79.994,218.556,126.413,113.134,161.077
2021/11/15,117.691,99.369,129.744,118.627,110.087,90.593,145.681,80.327,219.985,124.236,113.344,163.193
2021/11/16,114.848,97.676,133.168,119.108,106.525,92.32,143.071,78.019,216.735,124.234,112.912,162.756
2021/11/17,115.928,97.806,130.06,121.927,106.699,90.118,142.989,77.803,218.248,124.312,109.429,162.869
2021/11/18,115.326,98.19,129.341,120.124,105.568,90.536,143.039,78.577,215.615,124.187,109.336,162.867
2021/11/19,112.899,97.926,129.485,120.391,105.697,90.162,142.685,78.422,209.404,124.24,106.888,161.904
2021/11/22,112.571,97.829,127.992,119.858,105.346,85.914,142.284,75.266,211.792,121.4,107.737,159.029
2021/11/23,118.492,97.212,124.993,119.776,104.333,86.034,139.505,73.776,211.904,121.472,108.688,159.561
2021/11/24,112.789,97.287,126.683,116.523,105.574,86.084,139.959,76.457,207.384,121.383,109.53,159.057
2021/11/25,112.789,97.287,126.683,116.523,105.574,86.084,139.959,76.457,207.384,121.383,109.53,159.057
2021/11/26,110.974,97.188,126.784,118.48,107.719,88.754,142.723,85.007,213.184,123.969,109.236,160.759
2021/11/29,114.323,96.771,126.746,118.523,107.619,88.207,142.823,76.606,213.116,121.749,110.983,161.811
2021/11/30,112.464,95.44,124.474,117.714,105.95,84.753,146.158,73.163,212.522,109.864,108.219,157.303
2021/12/01,109.571,96.181,124.606,117.623,107.983,84.811,147.066,72.936,210.193,117.962,112.008,157.805
2021/12/02,118.744,98.541,124.288,123.699,108.237,84.566,147.105,69.348,210.007,115.632,112.269,158.097
2021/12/03,120.421,100.556,121.675,113.006,108.407,81.41,138.545,72.042,210.318,117.866,114.479,156.181
2021/12/06,117.403,99.715,119.352,116.598,108.144,81.559,148.255,72.21,211.005,115.272,114.209,153.347
2021/12/07,104.311,100.787,120.073,101.664,109.806,81.507,132.59,66.392,208.894,115.635,115.567,153.933
2021/12/08,115.308,102.268,119.508,116.632,111.243,75.051,147.619,70.564,208.03,114.762,114.568,154.438
2021/12/09,114.783,102.061,120.68,116.497,107.115,81.799,152.314,71.928,202.485,114.532,113.233,153.033
2021/12/10,109.628,100.236,119.821,115.266,107.882,81.837,152.28,72.594,200.591,114.957,112.74,151.968
2021/12/13,117.68,99.21,119.874,115.298,105.498,81.975,145.441,55.334,199.363,117.114,112.407,153.24
2021/12/14,114.102,98.881,117.936,112.396,108.402,82.212,145.012,71.779,199.746,117.398,111.51,153.109
2021/12/15,116.35,97.724,119.613,113.252,108.487,82.352,145.364,73.155,198.708,117.534,109.802,152.542
2021/12/16,115.732,95.997,122.589,116.486,107.503,83.175,150.559,72.109,200.007,116.533,109.175,156.2
2021/12/17,112.956,94.928,122.665,116.561,104.864,83.131,148.751,69.613,200.007,113.265,111.942,155.129
2021/12/20,119.216,99.866,122.407,116.357,105.121,83.298,148.743,69.625,200.194,114.472,111.386,156.246
2021/12/21,108.189,99.67,123.672,115.02,107.886,83.216,149.15,69.929,201.125,117.042,111.93,156.112
2021/12/22,107.951,97.704,123.394,114.853,107.703,82.815,148.163,73.529,180.516,116.848,107.142,153.099
2021/12/23,105.306,96.41,120.482,115.011,107.942,82.697,148.559,68.281,180.71,115.036,107.22,154.205
2021/12/24,105.306,96.41,120.482,115.011,107.942,82.697,148.559,68.281,180.71,115.036,107.22,154.205
2021/12/27,102.199,94.684,120.641,114.387,107.983,82.907,148.689,68.409,180.578,116.256,107.907,153.88
2021/12/28,116.028,96.32,120.614,115.573,108.097,80.835,147.392,68.4,198.325,113.845,107.734,154.223
2021/12/29,115.916,95.391,120.393,115.369,116.869,80.794,147.781,68.466,196.593,115.787,108.38,157.247
2021/12/30,118.617,93.918,122.45,110.088,108.485,83.143,147.289,68.345,198.939,117.187,108.603,155.031
2021/12/31,115.296,94.651,121.431,115.22,108.55,83.179,146.766,68.36,199.086,112.605,108.56,155.156
2022/01/03,117.088,95.891,107.808,115.286,108.861,75.733,144.843,65.851,194.53,110.69,111.057,156.572
2022/01/04,108.971,96.058,111.902,115.34,99.072,78.129,135.641,63.024,191.534,109.291,109.653,151.832
2022/01/05,111.794,100.845,109.458,111.668,106.898,77.68,137.118,71.177,190.842,109.398,109.42,153.115
2022/01/06,111.802,100.375,106.922,111.685,106.243,75.308,134.312,61.193,192.489,109.145,109.282,149.301
2022/01/07,111.464,98.146,106.345,110.484,106.186,74.523,130.748,54.342,191.964,109.065,111.815,143.397
2022/01/10,109.63,97.705,104.996,107.386,102.297,71.211,127.469,54.315,183.003,104.944,113.23,139.458
2022/01/11,106.24,97.687,105.06,107.139,105.768,71.188,127.732,57.964,187.556,105.039,113.866,141.448
2022/01/12,115.46,97.224,107.544,109.648,107.16,74.806,135.069,60.12,191.588,106.871,115.491,142.186
2022/01/13,115.354,96.063,109.638,109.442,109.772,75.063,130.958,60.189,192.883,104.163,112.878,144.301
2022/01/14,113.845,96.755,110.416,109.286,108.049,76.529,133.243,61.968,193.705,107.903,112.868,143.126
2022/01/17,113.845,96.755,110.416,109.286,108.049,76.529,133.243,61.968,193.705,107.903,112.868,143.126
2022/01/18,117.185,97.957,109.951,112.074,104.746,76.525,129.408,64.848,193.092,107.749,116.702,141.541
2022/01/19,117.191,97.624,110.849,112.694,109.394,73.448,135.136,60.66,195.086,106.334,114.213,139.994
2022/01/20,115.284,102.417,109.978,108.921,112.007,78.72,135.004,59.515,197.948,107.906,114.38,140.662
2022/01/21,113.632,103.03,112.806,108.91,112.068,78.791,135.699,64.021,199.904,107.96,114.593,142.959
2022/01/24,118.709,100.829,109.821,109.043,113.428,80.307,131.306,68.521,210.126,108.069,111.72,142.616
2022/01/25,117.586,96.265,115.862,112.043,113.688,80.72,138.562,64.704,211.939,109.848,111.614,142.795
2022/01/26,118.559,96.628,112.587,109.666,116.264,80.367,135.327,64.545,207.688,109.59,116.231,145.791
2022/01/27,118.308,94.966,113.982,109.751,121.126,80.52,139.077,68.22,210.78,111.497,112.836,143.669
2022/01/28,113.319,92.497,108.401,109.947,112.921,82.846,140.943,73.275,211.683,111.422,118.183,148.809
2022/01/31,116.769,95.597,113.887,111.975,114.885,82.811,145.515,69.509,212.612,113.486,118.192,148.773
2022/02/01,111.08,91.63,113.649,108.533,119.494,85.563,139.391,71.632,214.945,114.341,118.197,142.596
2022/02/02,115.587,92.153,114.132,108.846,114.57,85.662,139.581,71.366,213.562,115.439,111.922,143.446
2022/02/03,115.064,92.709,114.671,106.844,114.565,83.578,139.667,68.909,211.336,112.159,112.519,144.154
2022/02/04,116.377,92.223,114.487,110.252,106.677,82.548,137.112,69.133,211.026,111.974,113.093,145.12
2022/02/07,122.255,91.938,109.631,108.288,112.99,82.483,137.133,67.134,210.83,111.962,117.652,143.723
2022/02/08,117.935,89.868,113.372,109.098,114.906,82.312,136.747,67.274,210.47,112.14,117.925,143.659
2022/02/09,115.594,93.049,109.179,109.311,116.702,82.544,139.096,67.396,210.661,110.154,117.667,144.477
2022/02/10,113.248,90.841,112.236,106.288,116.16,82.621,135.183,69.805,216.614,109.65,116.286,145.163
2022/02/11,118.044,93.167,112.509,107.541,116.48,84.932,138.791,70.751,218.245,113.477,115.719,145.72
2022/02/14,118.505,84.826,111.079,104.438,113.145,84.854,138.614,79.586,219.883,113.524,102.749,146.101
2022/02/15,117.482,103.395,104.067,107.097,115.575,84.519,140.871,72.013,219.815,114.779,119.337,144.602
2022/02/16,119.106,102.833,109.79,107.708,117.77,85.242,146.98,69.162,220.103,115.554,120.376,146.149
2022/02/17,119.976,100.984,110.075,109.61,122.638,86.688,138.142,69.134,217.376,114.485,117.518,147.143
2022/02/18,124.588,100.668,110.605,109.833,120.058,86.989,140.31,71.223,228.032,114.263,116.31,148.113
2022/02/21,124.588,100.668,110.605,109.833,120.058,86.989,140.31,71.223,228.032,114.263,116.31,148.113
2022/02/22,137.851,105.336,115.097,110.885,124.876,98.465,144.66,80.15,247.48,116.091,119.464,147.474
2022/02/23,137.395,104.017,117.555,112.251,132.479,90.866,144.344,73.498,250.292,118.395,119.356,146.394
2022/02/24,142.819,104.107,116.3,115.077,136.588,92.326,147.16,71.17,254.575,117.477,119.456,146.944
2022/02/25,143.866,100.338,114.205,114.611,130.184,92.311,147.394,76.342,257.912,118.547,116.61,146.373
2022/02/28,147.256,100.219,114.654,116.245,138.523,98.693,150.122,85.251,273.472,119.635,118.957,147.074
2022/03/01,150.807,101.832,117.207,130.028,146.769,103.287,165.321,85.305,280.515,122.36,118.687,149.877
2022/03/02,153.69,101.749,118.057,123.081,137.77,101.883,157.054,85.631,280.508,125.679,117.465,147.531
2022/03/03,153.27,101.659,118.316,121.717,141.298,102.948,155.711,96.748,286.116,125.585,118.049,147.774
2022/03/04,157.882,101.213,119.128,125.013,149.07,109.724,160.246,94.437,327.026,129.378,119.885,150.597
2022/03/07,163.143,104.392,124.103,137.203,153.838,112.125,164.832,96.999,336.233,132.529,118.636,155.749
2022/03/08,171.982,107.361,126.883,134.662,162.359,117.876,179.795,96.117,341.643,133.59,121.932,157.174
2022/03/09,173.472,107.638,131.027,133.903,168.574,110.546,173.357,98.171,352.438,130.606,122.6,156.598
2022/03/10,174.988,106.721,132.35,134.22,167.648,109.094,169.283,98.94,353.536,129.389,123.278,156.585
2022/03/11,182.777,108.298,136.653,141.426,179.878,115.244,172.156,98.886,377.951,129.475,126.26,159.088
2022/03/14,211.818,121.411,136.356,179.084,191.287,142.127,202.056,100.602,409.039,130.306,127.296,157.384
2022/03/15,227.768,126.131,136.75,205.43,211.075,155.6,205.81,100.185,421.613,127.048,129.568,159.732
2022/03/16,192.295,123.99,146.043,214.226,196.77,157.002,271.03,102.96,449.943,126.666,131.695,161.474
2022/03/17,168.735,127.198,142.955,199.425,178.6,149.187,269.425,85.293,395.434,126.721,130.841,160.628
2022/03/18,161.441,125.314,143.036,177.411,171.791,142.28,229.987,93.778,386.295,123.06,137.412,162.046
2022/03/21,158.387,128.688,141.125,171.468,168.609,148.043,220.868,92.687,371.627,121.635,128.932,159.748
2022/03/22,160.703,129.208,145.402,172.976,171.102,142.912,213.616,92.82,370.752,122.188,131.02,162.636
2022/03/23,152.533,124.685,138.12,172.68,169.821,139.302,215.898,84.325,358.035,121.735,128.613,163.561
2022/03/24,152.218,122.444,138.009,172.229,166.708,141.225,219.785,82.723,358.328,119.888,127.735,163.006
2022/03/25,153.832,117.499,136.428,172.217,165.918,138.347,220.898,81.125,355.816,119.257,129.377,163.423
2022/03/28,153.274,118.592,137.645,171.656,165.978,136.173,218.103,87.345,336.456,117.674,131.595,163.6
2022/03/29,151.084,126.22,137.563,167.31,166.522,133.485,217.299,78.31,322.486,117.653,133.43,164.753
2022/03/30,150.087,118.023,138.289,165.547,165.502,126.84,211.676,73.918,311.838,117.854,133.028,163.924
2022/03/31,151.106,116.977,137.949,166.575,155.969,133.13,215.466,81.894,311.165,119.923,132.304,165.572
2022/04/01,148.282,119.613,139.574,166.805,166.633,131.928,210.084,80.472,305.039,118.5,134.972,167.205
2022/04/04,146.999,120.712,140.619,168.581,164.665,131.963,205.339,80.964,246.803,118.136,135.438,168.402
2022/04/05,146.898,120.425,140.13,168.801,161.689,117.82,204.279,79.526,284.001,116.952,135.669,166.938
2022/04/06,147.263,118.381,139.561,168.775,161.314,121.042,206.011,79.603,273.722,117.009,141.319,167.087
2022/04/07,140.219,115.421,140.572,167.945,154.173,121.99,194.34,74.067,271.242,113.269,131.612,162.606
2022/04/08,139.048,116.952,138.827,167.83,156.761,115.472,187.409,74.334,266.969,113.087,130.757,162.929
2022/04/11,136.972,114.45,135.231,165.977,153.697,118.429,192.523,69.809,262.688,111.136,130.634,160.631
2022/04/12,142.723,112.675,135.348,169.57,147.583,117.697,193.431,72.521,265.728,110.599,129.327,160.831
2022/04/13,142.318,109.194,135.075,169.217,143.473,112.048,196.763,72.059,265.554,110.263,123.587,160.734
2022/04/14,143.881,117.538,132.112,172.135,147.726,115.897,185.682,73.1,265.332,111.989,125.57,158.684
2022/04/15,143.881,117.538,132.112,172.135,147.726,115.897,185.682,73.1,265.332,111.989,125.57,158.684
2022/04/18,145.427,122.135,132.247,172.193,147.659,115.409,186.22,71.591,265.805,110.568,127.751,160.178
2022/04/19,141.95,120.119,131.14,168.803,145.811,113.439,184.545,72.782,261.805,109.473,128.737,159.526
2022/04/20,144.349,124.217,132.336,169.646,146.74,110.726,193.14,73.1,264.197,111.603,129.833,160.775
2022/04/21,144.49,121.196,129.581,167.853,143.902,112.536,194.425,70.591,260.846,110.197,127.66,161.923
2022/04/22,147.636,119.832,129.731,168.03,146.751,112.378,193.598,70.591,265.437,113.58,126.312,162.117
2022/04/25,158.043,107.555,130.465,168.326,150.023,117.993,197.071,74.951,267.699,112.107,121.611,163.822
2022/04/26,152.135,103.872,129.684,172.757,150.952,116.908,198.249,71.952,266.626,112.438,121.957,162.504
2022/04/27,158.242,106.601,128.516,175.803,152.406,113.545,195.16,70.075,271.354,110.069,119.749,160.684
2022/04/28,155.691,106.671,126.545,164.677,149.613,114.521,198.823,68.686,265.831,111.315,119.842,159.806
2022/04/29,143.95,108.281,126.537,149.264,143.282,105.709,190.864,70.999,256.52,108.006,121.328,159.054
2022/05/02,149.7,112.513,129.062,163.699,144.983,105.326,170.741,69.959,257.383,107.396,123.517,159.859
2022/05/03,145.803,112.297,128.383,164.919,146.907,108.965,190.452,68.832,255.621,103.365,122.582,160.01
2022/05/04,148.002,108.848,129.408,163.893,140.09,114.085,186.633,67.644,256.871,103.591,120.769,158.553
2022/05/05,149.05,108.263,126.523,154.466,143.334,109.323,180.11,67.48,254.304,97.054,120.812,159.487
2022/05/06,148.002,108.509,127.461,164.552,148.221,104.016,180.415,66.426,254.709,97.42,121.308,156.431
2022/05/09,150.761,104.009,127.695,168.654,158.474,110.551,181.301,67.436,257.7,97.004,119.102,158.093
2022/05/10,148.299,101.915,129.197,168.527,161.419,115.142,187.969,72.489,262.045,103.39,117.181,158.569
2022/05/11,161.282,103.007,129.825,167.639,165.444,118.012,184.238,73.76,263.206,102.055,119.604,159.405
2022/05/12,166.153,98.767,130.087,166.96,168.071,124.768,191.019,75.633,268.257,106.713,116.476,159.316
2022/05/13,168.419,98.329,129.881,169.42,171.166,122.465,192.591,74.513,263.841,104.788,116.456,159.876
2022/05/16,162.902,96.965,135.621,169.605,169.289,127.073,190.7,75.582,265.108,103.37,113.862,160.344
2022/05/17,167.122,100.631,130.777,170.515,169.304,113.374,191.966,73.673,268.904,104.945,116.905,161.632
2022/05/18,174.349,103.001,130.947,170.712,169.726,113.34,186.749,74.543,265.032,100.798,114.901,162.92
2022/05/19,172.557,102.291,131.699,168.233,173.953,124.134,188.677,75.283,270.405,102.398,111.159,165.441
2022/05/20,174.434,100.297,132.437,170.185,172.446,120.993,189.346,77.22,268.755,102.103,111.687,165.587
2022/05/23,171.689,100.153,133.866,178.275,173.04,120.91,189.417,75.405,266.772,102.272,110.021,165.292
2022/05/24,175.94,92.882,133.768,171.652,173.884,118.553,194.571,73.94,265.939,103.507,104.392,166.484
2022/05/25,165.476,93.943,131.442,169.467,173.465,118.48,189.217,72.751,266.449,103.684,106.743,164.031
2022/05/26,150.186,90.182,128.207,168.757,163.146,112.788,182.321,69.547,260.762,98.782,102.632,161.837
2022/05/27,159.156,91.199,128.16,166.911,167.061,110.248,186.582,68.987,262.851,99.289,102.437,162.329
2022/05/30,159.156,91.199,128.16,166.911,167.061,110.248,186.582,68.987,262.851,99.289,102.437,162.329
2022/05/31,148.43,89.522,125.574,162.172,158.006,105.537,173.368,66.349,257.15,95.608,101.008,159.884
2022/06/01,140.89,90.026,130.754,160.94,159.685,98.888,173.088,63.38,250.215,95.742,101.097,161.306
2022/06/02,152.263,94.851,127.894,163.32,156.484,97.058,172.119,62.225,252.805,95.663,100.336,160.961
2022/06/03,151.336,91.131,126.442,163.432,159.82,103.168,171.517,61.842,251.432,93.238,98.287,160.684
2022/06/06,147.776,93.285,118.835,159.623,156.549,100.191,167.612,59.596,243.529,93.509,99.633,155.815
2022/06/07,142.217,86.667,119.082,154.169,142.44,91.775,165.259,57.444,241.243,96.57,100.28,148.872
2022/06/08,136.246,87.062,118.886,138.285,143.891,95.542,159.057,59.999,216.899,92.576,101.8,148.343
2022/06/09,126.78,86.795,118.817,146.72,148.832,95.392,161.729,60.216,195.801,92.408,100.534,148.796
2022/06/10,134.751,86.471,116.279,143.582,146.012,86.178,160.803,57.866,202.241,91.451,100.263,147.778
2022/06/13,137.502,82.824,118.205,141.827,153.217,84.186,160.027,59.364,209.528,91.36,97.016,147.008
2022/06/14,136.857,84.994,116.894,144.931,144.806,97.475,159.893,62.161,215.792,91.791,95.164,146.489
2022/06/15,141.176,73.734,117.325,146.251,145.152,95.755,162.127,61.151,216.033,90.439,90.908,147.31
2022/06/16,145.977,75.474,119.492,146.561,145.881,89.704,158.811,58.065,213.739,89.277,77.592,147.623
2022/06/17,135.026,70.267,118.569,145.539,151.511,87.447,156.884,55.688,215.374,83.983,82.001,146.804
2022/06/20,135.026,70.267,118.569,145.539,151.511,87.447,156.884,55.688,215.374,83.983,82.001,146.804
2022/06/21,138.614,73.465,117.326,145.714,147.737,91.116,155.892,56.41,213.862,84.299,81.471,142.99
2022/06/22,136.808,69.85,116.638,149.655,142.299,94.593,160.016,60.068,219.171,84.589,79.055,144.926
2022/06/23,142.093,67.484,117.318,149.666,153.363,100.749,160.503,63.143,222.998,84.94,76.355,144.006
2022/06/24,142.343,73.173,117.158,149.047,153.299,98.923,161.282,70.082,227.933,95.005,81.103,143.291
2022/06/27,137.862,71.43,107.261,149.315,159.408,98.899,162.051,69.812,227.385,95.517,85.449,143.413
2022/06/28,140.864,71.47,116.229,150.76,154.597,100.503,169.056,63.405,224.873,89.716,84.377,144.645
2022/06/29,144.908,64.047,116.525,150.983,145.613,102.605,169.274,64.128,227.626,90.103,79.398,143.513
2022/06/30,146.342,63.898,125.969,159.406,161.674,100.912,175.48,67.259,232.273,90.535,78.358,138.202
2022/07/01,143.921,58.627,117.176,155.88,156.469,108.988,173.61,71.979,237.707,91.017,69.895,145.489
2022/07/04,143.921,58.627,117.176,155.88,156.469,108.988,173.61,71.979,237.707,91.017,69.895,145.489
2022/07/05,152.375,60.195,117.53,154.216,159.22,112.744,185.215,77.754,249.688,102.357,72.344,145.892
2022/07/06,149.31,65.21,122.637,155.433,160.599,116.134,187.314,79.383,249.397,105.728,76.736,146.377
2022/07/07,144.609,67.439,122.479,155.252,160.409,115.539,187.815,79.229,253.453,103.792,74.985,148.606
2022/07/08,141.424,66.119,122.16,152.504,158.473,110.855,167.266,72.044,249.339,101.327,72.152,144.662
2022/07/11,143.997,66.883,124.081,154.876,160.347,111.929,178.776,75.804,252.194,102.101,81.172,148.118
2022/07/12,148.654,67.143,126.013,157.054,162.02,117.077,179.825,79.389,259.347,100.966,82.251,148.899
2022/07/13,149.467,60.118,126.655,157.483,167.472,123.665,179.398,81.483,265.302,106.021,68.761,149.827
2022/07/14,156.298,63.287,126.847,154.077,168.066,117.373,182.609,79.524,264.771,107.326,77.183,149.744
2022/07/15,154.787,67.882,128.377,155.783,167.234,117.408,182.619,77.646,263.271,104.554,79.345,150.018
2022/07/18,156.344,70.255,129.634,155.621,166.542,119.229,189.423,78.293,264.262,104.459,84.64,152.318
2022/07/19,159.185,71.454,130.063,155.337,174.608,117.057,193.327,80.706,269.449,106.883,85.411,152.777
2022/07/20,158.681,67.708,131.308,156.772,166.043,116.716,198.179,80.76,267.408,106.889,151.74,152.707
2022/07/21,160.491,64.59,130.621,159.663,166.776,116.956,228.674,81.998,273.403,104.49,84.776,153.872
2022/07/22,158.669,63.772,130.421,158.797,168.841,121.363,217.807,84.289,282.237,108.653,81.331,152.866
2022/07/25,157.36,63.428,130.165,158.679,168.526,118.954,219.85,83.232,294.982,108.904,79.043,152.644
2022/07/26,156.847,65.73,129.111,158.435,168.034,118.611,218.397,83.184,326.603,110.876,82.606,151.418
2022/07/27,152.341,66.021,128.718,156.729,169.775,120.132,221.519,83.231,322.685,109.99,83.957,150.124
2022/07/28,157.161,61.003,127.927,155.611,170.701,118.759,221.656,83.521,321.402,107.409,83.148,148.874
2022/07/29,159.286,57.667,127.583,155.539,177.915,118.726,219.428,78.06,323.644,107.055,77.652,148.675
2022/08/01,159.736,61.643,128.647,153.868,172.16,118.756,219.61,82.057,325.535,107.959,76.46,149.69
