date,cnooc,sinope,tencent,sf
2018/12/14,144.305,,,
2018/12/17,144.535,,,
2018/12/18,145.712,,,
2018/12/19,145.913,,,
2018/12/20,143.346,,,
2018/12/21,144.408,,,
2018/12/24,148.057,,,
2018/12/26,148.411,,,
2018/12/27,149.629,,,
2018/12/28,147.405,,,
2018/12/31,146.393,,,
2019/01/02,145.033,,,
2019/01/03,146.6,,,
2019/01/04,145.811,,,
2019/01/07,144.511,,,
2019/01/08,144.273,,,
2019/01/09,142.828,,,
2019/01/10,143.642,,,
2019/01/11,146.311,,,
2019/01/14,146.128,,,
2019/01/15,146.28,,,
2019/01/16,146.663,,,
2019/01/17,145.208,,,
2019/01/18,145.185,,,
2019/01/22,146.392,,,
2019/01/23,146.54,,,
2019/01/24,146.186,,,
2019/01/25,145.135,,,
2019/01/28,147.525,,,
2019/01/29,146.729,,,
2019/01/30,145.895,,,
2019/01/31,145.875,,,
2019/02/01,145.479,,,
2019/02/04,145.415,,,
2019/02/05,145.645,,,
2019/02/06,145.664,,,
2019/02/07,146.401,,,
2019/02/08,145.898,,,
2019/02/11,145.345,,,
2019/02/12,145.743,,,
2019/02/13,144.885,,,
2019/02/14,143.912,,,
2019/02/15,143.429,,,
2019/02/19,144.79,,,
2019/02/20,144.829,,,
2019/02/21,146.229,,,
2019/02/22,145.378,,,
2019/02/25,144.177,,,
2019/02/26,145.381,,,
2019/02/27,145.694,,,
2019/02/28,144.792,,,
2019/03/01,145.195,,,
2019/03/04,144.174,,,
2019/03/05,143.384,,,
2019/03/06,143.261,,,
2019/03/07,142.791,,,
2019/03/08,142.794,,,
2019/03/11,142.277,,,
2019/03/12,142.787,,,
2019/03/13,141.483,,,
2019/03/14,141.464,,,
2019/03/15,142.011,,,
2019/03/18,141.677,,,
2019/03/19,142.699,,,
2019/03/20,142.422,,,
2019/03/21,143.682,,,
2019/03/22,144.832,,,
2019/03/25,147.148,,,
2019/03/26,145.549,,,
2019/03/27,144.347,,,
2019/03/28,141.956,,,
2019/03/29,141.246,,,
2019/04/01,141.906,,,
2019/04/02,141.059,,,
2019/04/03,141.757,,,
2019/04/04,141.079,,,
2019/04/05,141.65,,,
2019/04/08,141.813,,,
2019/04/09,142.273,,,
2019/04/10,144.1,,,
2019/04/11,142.658,,,
2019/04/12,143.449,,,
2019/04/15,142.607,,,
2019/04/16,143.244,,,
2019/04/17,142.747,,,
2019/04/18,142.008,,,
2019/04/22,142.561,,,
2019/04/23,141.961,,,
2019/04/24,141.777,,,
2019/04/25,141.096,,,
2019/04/26,142.026,,,
2019/04/29,142.272,,,
2019/04/30,142.225,,,
2019/05/01,141.383,,,
2019/05/02,141.383,,,
2019/05/03,142.428,,,
2019/05/06,142.18,,,
2019/05/07,142.095,,,
2019/05/08,142.487,,,
2019/05/09,145.066,,,
2019/05/10,144.596,,,
2019/05/13,144.83,,,
2019/05/14,144.353,,,
2019/05/15,144.795,,,
2019/05/16,144.582,,,
2019/05/17,145.116,,,
2019/05/20,145.648,,,
2019/05/21,145.595,,,
2019/05/22,146.356,,,
2019/05/23,146.41,,,
2019/05/24,147.183,,,
2019/05/28,146.505,,,
2019/05/29,146.643,,,
2019/05/30,147.287,,,
2019/05/31,146.896,,,
2019/06/03,149.19,,,
2019/06/04,147.008,,,
2019/06/05,145.609,,,
2019/06/06,145.388,,,
2019/06/07,144.766,,,
2019/06/10,144.999,,,
2019/06/11,145.601,,,
2019/06/12,145.196,,,
2019/06/13,147.621,,,
2019/06/14,148.914,,,
2019/06/17,147.887,,,
2019/06/18,147.248,,,
2019/06/19,147.945,,,
2019/06/20,145.978,,,
2019/06/21,146.465,,,
2019/06/24,148.469,,,
2019/06/25,149.051,,,
2019/06/26,147.935,,,
2019/06/27,147.255,,,
2019/06/28,145.204,,,
2019/07/01,144.384,,,
2019/07/02,144.186,,,
2019/07/03,145.217,,,
2019/07/05,142.186,,,
2019/07/08,143.554,,,
2019/07/09,143.014,,,
2019/07/10,142.51,,,
2019/07/11,141.859,,,
2019/07/12,143.11,,,
2019/07/15,144.436,,,
2019/07/16,142.373,,,
2019/07/17,144.147,,,
2019/07/18,145.095,,,
2019/07/19,145.613,,,
2019/07/22,146.068,,,
2019/07/23,145.413,,,
2019/07/24,146.506,,,
2019/07/25,146.966,,,
2019/07/26,145.971,,,
2019/07/29,146.488,,,
2019/07/30,147.382,,,
2019/07/31,145.152,,,
2019/08/01,145.998,,,
2019/08/02,146.283,,,
2019/08/05,154.154,,,
2019/08/06,153.059,,,
2019/08/07,154.013,,,
2019/08/08,152.99,,,
2019/08/09,152.405,,,
2019/08/12,152.591,,,
2019/08/13,151.265,,,
2019/08/14,153.767,,,
2019/08/15,154.724,,,
2019/08/16,154.033,,,
2019/08/19,153.498,,,
2019/08/20,152.895,,,
2019/08/21,151.635,,,
2019/08/22,149.411,,,
2019/08/23,149.984,,,
2019/08/26,148.441,,,
2019/08/27,151.895,,,
2019/08/28,153.533,,,
2019/08/29,154.022,,,
2019/08/30,155.757,,,
2019/09/03,156.755,,,
2019/09/04,155.228,,,
2019/09/05,153.984,,,
2019/09/06,155.608,,,
2019/09/09,154.352,,,
2019/09/10,155.206,,,
2019/09/11,155.055,,,
2019/09/12,152.939,,,
2019/09/13,152.41,,,
2019/09/16,152.171,,,
2019/09/17,152.149,,,
2019/09/18,152.957,,,
2019/09/19,154.225,,,
2019/09/20,152.11,,,
2019/09/23,151.033,,,
2019/09/24,152.009,,,
2019/09/25,153.507,,,
2019/09/26,152.151,,,
2019/09/27,151.253,,,
2019/09/30,150.804,,,
2019/10/01,150.292,,,
2019/10/02,151.259,,,
2019/10/03,151.871,,,
2019/10/04,150.848,,,
2019/10/07,151.629,,,
2019/10/08,153.534,,,
2019/10/09,155.662,,,
2019/10/10,156.928,,,
2019/10/11,156.665,,,
2019/10/15,154.639,,,
2019/10/16,154.695,,,
2019/10/17,154.782,,,
2019/10/18,152.476,,,
2019/10/21,152.941,,,
2019/10/22,152.631,,,
2019/10/23,153.318,,,
2019/10/24,153.34,,,
2019/10/25,153.589,,,
2019/10/28,153.795,,,
2019/10/29,153.568,,,
2019/10/30,153.541,,,
2019/10/31,153.662,,,
2019/11/01,152.985,,,
2019/11/04,152.633,,,
2019/11/05,152.833,,,
2019/11/06,152.871,,,
2019/11/07,152.399,,,
2019/11/08,153.617,,,
2019/11/12,153.361,,,
2019/11/13,154.205,,,
2019/11/14,153.621,,,
2019/11/15,152.965,,,
2019/11/18,153.633,,,
2019/11/19,154.301,,,
2019/11/20,154.397,,,
2019/11/21,155.225,,,
2019/11/22,154.099,,,
2019/11/25,153.448,,,
2019/11/26,153.32,,,
2019/11/27,150.352,,,
2019/11/29,151.4,,,
2019/12/02,151.219,,,
2019/12/03,150.711,,,
2019/12/04,151.334,,,
2019/12/05,150.686,,,
2019/12/06,150.518,,,
2019/12/09,150.764,,,
2019/12/10,151.243,,,
2019/12/11,151.306,,,
2019/12/12,146.606,,,
2019/12/13,149.309,,,
2019/12/16,147.98,,,
2019/12/17,147.29,,,
2019/12/18,147.919,,,
2019/12/19,147.511,,,
2019/12/20,146.314,,,
2019/12/23,146.452,,,
2019/12/24,146.345,,,
2019/12/26,146.104,,,
2019/12/27,146.104,,,
2019/12/30,146.296,,,
2019/12/31,146.603,,,
2020/01/02,146.93,,,
2020/01/03,146.992,,,
2020/01/06,148.386,,,
2020/01/07,146.76,,,
2020/01/08,147.46,,,
2020/01/09,147.008,,,
2020/01/10,145.945,,,
2020/01/13,144.903,,,
2020/01/14,143.576,,,
2020/01/15,144.204,,,
2020/01/16,144.057,,,
2020/01/17,143.222,,,
2020/01/21,140.905,,,
2020/01/22,143.159,,,
2020/01/23,143.741,,,
2020/01/24,144.053,,,
2020/01/27,145.05,,,
2020/01/28,144.855,,,
2020/01/29,144.499,,,
2020/01/30,147.304,,,
2020/01/31,148.557,,,
2020/02/03,147.562,,,
2020/02/04,145.177,,,
2020/02/05,144.762,,,
2020/02/06,145.137,,,
2020/02/07,145.704,,,
2020/02/10,146.32,,,
2020/02/11,147.19,,,
2020/02/12,146.351,,,
2020/02/13,147.665,,,
2020/02/14,147.86,,,
2020/02/18,148.12,,,
2020/02/19,147.526,,,
2020/02/20,148.232,,,
2020/02/21,150.401,,,
2020/02/24,150.259,,,
2020/02/25,150.6,,,
2020/02/26,149.534,,,
2020/02/27,151.753,,,
2020/02/28,152.54,,,
2020/03/02,151.734,,,
2020/03/03,151.844,,,
2020/03/04,151.507,,,
2020/03/05,151.16,,,
2020/03/06,144.835,,,
2020/03/09,167.992,,,
2020/03/10,168.045,,,
2020/03/11,173.389,,,
2020/03/12,187.476,,,
2020/03/13,182.038,,,
2020/03/16,161.901,,,
2020/03/17,185.432,,,
2020/03/18,198.647,,,
2020/03/20,178.57,,,
2020/03/23,179.373,,,
2020/03/24,183.426,,,
2020/03/25,201.224,,,
2020/03/26,194.396,,,
2020/03/27,178.872,,,
2020/03/31,176.248,,,
2020/04/01,173.94,,,
2020/04/02,168.61,,,
2020/04/07,174.821,,,
2020/04/08,169.78,,,
2020/04/09,172.984,,,
2020/04/13,170.935,,,
2020/04/15,169.898,,,
2020/04/16,169.802,,,
2020/04/21,169.184,,,
2020/04/22,174.437,,,
2020/04/24,181.408,,,
2020/04/27,189.692,,,
2020/04/28,178.786,,,
2020/04/29,196.948,,,
2020/04/30,205.364,,,
2020/05/01,206.132,,,
2020/05/04,181.341,,,
2020/05/05,182.667,,,
2020/05/06,187.47,,,
2020/05/07,199.831,,,
2020/05/08,200.134,,,
2020/05/12,211.22,,,
2020/05/13,208.092,,,
2020/05/14,207.041,,,
2020/05/15,208.331,,,
2020/05/18,206.857,,,
2020/05/19,202.123,,,
2020/05/22,184.405,,,
2020/05/26,205.014,,,
2020/05/27,201.968,,,
2020/05/28,202.87,,,
2020/05/29,203.948,,,
2020/06/01,206.136,,,
2020/06/02,204.744,,,
2020/06/04,200.18,,,
2020/06/05,196.183,,,
2020/06/17,187.028,,,
2020/06/18,192.852,,,
2020/06/25,187.843,,,
2020/06/26,198.495,,,
2020/06/29,200.234,,,
2020/06/30,203.484,,,
2020/07/01,202.749,,,
2020/07/02,201.887,,,
2020/07/07,200.664,,,
2020/07/08,197.03,,,
2020/07/09,191.268,,,
2020/07/10,188.38,,,
2020/07/13,194.499,,,
2020/07/14,188.863,,,
2020/07/15,191.256,,,
2020/07/16,192.338,,,
2020/07/17,191.295,,,
2020/07/20,189.22,,,
2020/07/21,188.754,,,
2020/07/22,184.401,,,
2020/07/23,182.567,,,
2020/07/24,182.208,,,
2020/07/27,181.022,,,
2020/07/28,179.773,,,
2020/07/29,180.235,,,
2020/07/30,180.401,,,
2020/07/31,181.994,,,
2020/08/03,180.573,,,
2020/08/04,176.115,,,
2020/08/05,178.603,,,
2020/08/10,169.67,,,
2020/08/11,167.782,,,
2020/08/12,166.988,,,
2020/08/13,165.788,,,
2020/08/14,165.193,,,
2020/08/17,164.699,,,
2020/08/18,165.55,,,
2020/08/19,166.081,,,
2020/08/20,164.336,,,
2020/08/21,163.26,,,
2020/08/24,162.644,,,
2020/08/25,161.979,,,
2020/08/26,158.735,,,
2020/08/27,158.747,,,
2020/08/28,159.072,,,
2020/08/31,158.603,,,
2020/09/01,157.692,,,
2020/09/02,158.536,,,
2020/09/03,159.948,,,
2020/09/04,158.868,,,
2020/09/08,161.633,,,
2020/09/09,162.124,,,
2020/09/10,162.239,,,
2020/09/11,161.455,,,
2020/09/14,163.21,,,
2020/09/15,163.965,,,
2020/09/16,164.311,,,
2020/09/17,163.98,,,
2020/09/18,163.116,,,
2020/09/21,164.589,,,
2020/09/22,161.686,,,
2020/09/23,162.385,,,
2020/09/24,161.956,,,
2020/09/25,162.627,,,
2020/09/28,161.583,,,
2020/09/29,160.974,,,
2020/09/30,161.419,,,
2020/10/01,161.595,,,
2020/10/02,162.487,,,
2020/10/05,162.569,,,
2020/10/06,161.802,,,
2020/10/07,161.63,,,
2020/10/08,160.312,,,
2020/10/09,160.162,,,
2020/10/13,159.35,,,
2020/10/14,156.569,,,
2020/10/15,156.808,,,
2020/10/16,157.001,,,
2020/10/19,157.064,,,
2020/10/20,157.325,,,
2020/10/21,156.018,,,
2020/10/22,158.661,,,
2020/10/23,157.696,,,
2020/10/26,158.471,,,
2020/10/27,161.415,,,
2020/10/28,163.954,,,
2020/10/29,164.424,,,
2020/10/30,165.359,,,
2020/11/02,165.912,,,
2020/11/03,164.637,,,
2020/11/04,162.895,,,
2020/11/05,161.462,,,
2020/11/06,162.009,,,
2020/11/09,163.03,,,
2020/11/10,162.347,,,
2020/11/12,162.594,,,
2020/11/13,161.499,,,
2020/11/16,160.966,,,
2020/11/17,161.945,,,
2020/11/18,160.463,,,
2020/11/19,159.063,,,
2020/11/20,159.928,,,
2020/11/23,160.531,,,
2020/11/24,159.594,,,
2020/11/25,159.212,,,
2020/11/27,159.572,,,
2020/11/30,173.902,,,
2020/12/01,179.823,,,
2020/12/02,180.829,,,
2020/12/03,179.348,,,
2020/12/04,178.93,,,
2020/12/07,180.897,,,
2020/12/08,183.234,,,
2020/12/09,184.407,,,
2020/12/10,190.231,,,
2020/12/11,192.034,,,
2020/12/14,193.262,,,
2020/12/15,192.025,,,
2020/12/16,194.716,,,
2020/12/17,194.816,,,
2020/12/18,195.26,,,
2020/12/21,197.373,,,
2020/12/22,197.047,,,
2020/12/23,201.676,,,
2020/12/24,198.268,,,
2020/12/28,199.263,,,
2020/12/29,201.48,,,
2020/12/30,199.262,,,
2020/12/31,202.971,,,
2021/01/04,203.609,,,
2021/01/05,203.391,,,
2021/01/06,202.554,,,
2021/01/07,202.955,147.664,,
2021/01/08,206.272,146.996,,
2021/01/11,207.142,143.887,,
2021/01/12,208.44,139.921,,
2021/01/13,209.387,140.943,,
2021/01/14,210.128,144.02,,
2021/01/15,211.512,141.315,,
2021/01/19,203.778,134.743,,
2021/01/20,208.618,131.914,,
2021/01/21,207.757,126.472,,
2021/01/22,209.424,126.658,,
2021/01/25,208.912,121.097,,
2021/01/26,207.862,121.602,,
2021/01/27,207.33,124.273,,
2021/01/28,206.496,125.588,,
2021/01/29,207.204,125.796,,
2021/02/01,206.899,123.698,,
2021/02/02,200.395,120.447,,
2021/02/03,195.334,117.403,,
2021/02/04,188.59,115.077,,
2021/02/05,186.511,113.922,,
2021/02/08,185.625,114.504,,
2021/02/09,183.874,115.498,,
2021/02/10,180.314,114.443,,
2021/02/11,174.592,113.415,,
2021/02/12,174.764,111.994,,
2021/02/16,166.813,106.79,,
2021/02/17,168.745,103.132,,
2021/02/18,168.254,103.301,,
2021/02/19,164.248,102.749,,
2021/02/22,160.913,104.997,,
2021/02/23,161.91,107.971,,
2021/02/24,162.326,111.726,,
2021/02/25,163.418,109.619,,
2021/02/26,161.802,112.909,,
2021/03/01,160.091,110.019,,
2021/03/02,162.319,111.679,,
2021/03/03,162.119,110.261,,
2021/03/04,161.99,109.254,,
2021/03/05,163.828,112.444,,
2021/03/08,166.479,118.409,,
2021/03/09,167.674,119.629,,
2021/03/10,169.105,117.344,,
2021/03/11,167.238,112.816,,
2021/03/12,167.952,113.022,,
2021/03/15,168.536,113.265,,
2021/03/16,169.485,110.952,,
2021/03/17,169.313,111.042,,
2021/03/18,170.331,109.796,,
2021/03/19,166.525,105.382,,
2021/03/22,167.179,105.767,,
2021/03/23,166.628,105.332,,
2021/03/24,165.739,107.08,,
2021/03/25,166.564,108.231,,
2021/03/26,167.269,110.169,,
2021/03/29,167.794,112.284,,
2021/03/30,168.267,110.715,,
2021/03/31,166.755,109.438,,
2021/04/01,166.075,108.994,,
2021/04/02,164.627,108.424,,
2021/04/05,166.246,109.023,,
2021/04/06,166.869,109.39,,
2021/04/07,167.42,114.834,,
2021/04/08,168.561,117.433,,
2021/04/09,168.892,117.093,,
2021/04/12,170.349,119.563,,
2021/04/13,171.904,125.119,,
2021/04/14,173.105,127.123,,
2021/04/15,174.06,130.33,,
2021/04/16,173.637,123.531,,
2021/04/19,174.242,116.886,122.9,
2021/04/20,174.812,116.595,124.501,
2021/04/21,173.788,116.399,121.629,
2021/04/22,173.442,115.19,121.145,
2021/04/23,173.612,115.627,121.744,
2021/04/26,174.158,115.384,121.906,
2021/04/27,174.375,114.63,121.007,
2021/04/28,173.877,113.347,119.127,
2021/04/29,174.033,108.647,117.309,
2021/04/30,174.352,107.787,116.912,
2021/05/03,175.084,108.039,117.373,
2021/05/04,174.606,107.298,115.247,
2021/05/05,174.755,107.151,114.409,
2021/05/06,174.184,106.3,114.628,
2021/05/07,175.368,106.712,115.645,
2021/05/10,176.186,107.687,116.587,
2021/05/11,175.954,110.515,118.815,
2021/05/12,176.516,110.865,120.326,
2021/05/13,179.489,114.518,124.15,
2021/05/14,178.071,111.748,121.092,
2021/05/17,181.586,111.835,121.237,
2021/05/18,181.538,111.166,119.958,
2021/05/19,182.185,111.387,120.318,
2021/05/20,181.562,111.163,120.009,
2021/05/21,181.09,108.683,118.18,
2021/05/24,181.469,107.481,117.169,
2021/05/25,182.9,107.828,117.266,
2021/05/26,183.771,108.096,117.681,
2021/05/27,184.031,107.672,117.97,
2021/05/28,182.896,107.027,115.722,
2021/06/01,182.657,104.913,114.316,
2021/06/02,184.989,105.056,114.831,
2021/06/03,184.767,104.208,115.684,
2021/06/04,185.553,105.381,117.144,
2021/06/07,186.131,103.502,116.276,
2021/06/08,184.337,102.78,115.6,
2021/06/09,184.044,102.186,114.745,
2021/06/10,184.621,101.783,114.657,
2021/06/11,185.015,101.422,114.001,
2021/06/14,185.344,101.797,114.169,
2021/06/15,185.122,102.354,114.239,
2021/06/16,182.922,101.148,113.023,
2021/06/17,183.621,100.301,112.55,
2021/06/18,184.433,101.445,113.487,
2021/06/21,185.923,101.446,114.937,
2021/06/22,185.746,100.64,113.291,
2021/06/23,183.992,99.3,111.303,
2021/06/24,184.312,98.624,111.388,
2021/06/25,185.076,97.024,109.816,
2021/06/28,184.686,95.519,108.335,
2021/06/29,183.786,93.884,108.342,
2021/06/30,183.487,94.063,108.607,
2021/07/01,182.754,92.941,107.604,
2021/07/02,182.994,93.552,107.85,
2021/07/06,183.238,98.493,109.225,
2021/07/07,183.301,99.436,111.91,
2021/07/08,182.035,101.457,114.104,
2021/07/09,182.053,99.318,111.383,
2021/07/12,183.206,99.264,112.445,
2021/07/13,183.106,99.002,109.636,
2021/07/14,184.682,98.698,108.471,
2021/07/15,185.458,99.871,108.701,
2021/07/16,184.671,100.222,109.29,
2021/07/19,185.692,103.532,112.508,
2021/07/20,184.6,106.048,114.316,
2021/07/21,183.667,102.839,111.039,
2021/07/22,183.002,102.675,107.945,
2021/07/23,184.017,102.082,106.367,
2021/07/26,183.102,103.257,110.898,
2021/07/27,185.064,108.025,126.102,
2021/07/28,185.107,103.65,119.056,
2021/07/29,183.617,99.181,110.027,
2021/07/30,184.584,101.069,110.961,
2021/08/02,184.735,100.399,110.536,
2021/08/03,184.611,100.508,114.729,
2021/08/04,184.352,100.893,113.363,
2021/08/05,184.506,100.329,113.787,
2021/08/06,184.524,98.993,114.118,
2021/08/09,184.843,100.152,114.663,
2021/08/10,184.702,100.37,112.952,
2021/08/11,184.87,100.137,111.043,
2021/08/12,183.785,98.605,111.822,
2021/08/13,183.537,100.109,111.941,
2021/08/16,183.066,100.488,112.44,
2021/08/17,181.152,99.763,112.992,
2021/08/18,181.391,99.679,113.114,
2021/08/19,180.898,99.857,113.226,
2021/08/20,180.827,99.688,114.296,
2021/08/23,180.903,100.624,114.616,
2021/08/24,180.256,99.272,113.1,
2021/08/25,180.3,97.815,110.925,
2021/08/26,180.475,97.949,111.198,
2021/08/27,181.009,98.565,111.6,
2021/08/30,180.138,99.388,111.95,
2021/08/31,179.397,98.691,112.494,
2021/09/01,176.913,98.993,112.314,
2021/09/02,175.496,98.413,111.992,
2021/09/03,175.804,97.697,112.029,
2021/09/07,173.001,96.94,109.626,
2021/09/08,164.592,96.407,108.286,
2021/09/09,161.607,96.822,110.642,
2021/09/10,161.696,96.207,110.521,
2021/09/13,160.188,96.732,111.209,
2021/09/14,158.705,96.918,110.684,
2021/09/15,159.945,96.166,111.56,
2021/09/16,159.391,94.987,110.37,
2021/09/17,160.52,94.384,110.853,
2021/09/20,161.637,98.86,114.537,
2021/09/21,162.781,99.143,115.169,
2021/09/22,162.132,98.437,114.092,
2021/09/23,161.717,96.773,112.919,
2021/09/24,162.077,96.302,111.56,
2021/09/27,162.431,93.525,110.075,
2021/09/28,162.964,93.346,110.282,
2021/09/29,165.013,94.201,112.454,
2021/09/30,165.894,93.597,111.905,
2021/10/01,166.371,94.189,112.55,
2021/10/04,166.967,95.174,113.38,
2021/10/05,168.754,96.158,115.793,
2021/10/06,169.967,96.863,117.746,
2021/10/07,167.82,95.311,117.046,
2021/10/08,168.586,95.597,117.682,
2021/10/12,171.883,102.299,126.179,
2021/10/13,172.39,103.138,124.869,
2021/10/14,172.261,102.878,125.052,
2021/10/15,171.92,101.768,122.642,
2021/10/18,171.805,101.274,121.276,
2021/10/19,172.279,100.365,119.861,
2021/10/20,171.441,99.854,118.749,
2021/10/21,170.078,99.351,117.351,
2021/10/22,171.557,97.914,116.614,
2021/10/25,171.037,97.35,115.241,
2021/10/26,169.532,95.508,114.43,
2021/10/27,169.738,96.254,115.168,
2021/10/28,172.418,99.538,118.472,
2021/10/29,171.539,98.133,117.142,
2021/11/01,196.674,122.843,141.155,
2021/11/02,194.789,121.537,139.841,
2021/11/03,193.997,120.563,138.884,
2021/11/04,194.633,121.859,139.731,
2021/11/05,196.596,122.994,141.547,
2021/11/08,194.989,123.159,142.254,
2021/11/09,196.288,125.584,149.946,
2021/11/10,194.14,122.934,145.279,
2021/11/12,193.895,119.74,140.232,185.848
2021/11/15,195.005,119.94,139.634,185.017
2021/11/16,194.481,120.058,138.461,179.682
2021/11/17,193.763,120.216,135.222,178.146
2021/11/18,195.078,121.083,136.774,179.095
2021/11/19,194.734,120.13,135.516,179.954
2021/11/22,192.993,118.69,133.709,176.549
2021/11/23,193.135,119.109,134.546,176.611
2021/11/24,193.789,119.117,136.124,176.65
2021/11/26,194.472,118.533,141.562,183.634
2021/11/29,195.289,122.022,143.927,183.062
2021/11/30,191.659,118.447,141.051,179.698
2021/12/01,191.36,119.485,142.643,181.297
2021/12/02,191.112,119.485,142.52,181.392
2021/12/03,188.757,118.182,140.833,179.445
2021/12/06,187.86,117.536,139.822,178.935
2021/12/07,188.98,117.464,138.751,177.712
2021/12/08,190.86,118.703,139.043,177.13
2021/12/09,190.65,117.886,136.517,173.971
2021/12/10,189.405,117.184,135.183,171.153
2021/12/13,189.088,116.295,133.819,169.965
2021/12/14,190.256,115.544,132.524,169.478
2021/12/15,189.914,116.575,133.229,170.785
2021/12/16,192.064,118.604,134.862,172.152
2021/12/17,192.058,118.275,134.893,172.095
2021/12/20,190.887,117.185,134.733,172.58
2021/12/21,189.087,116.567,134.231,172.445
2021/12/22,189.247,115.594,133.146,171.303
2021/12/23,189.387,116.285,134.15,171.932
2021/12/27,190.301,116.632,134.288,172.193
2021/12/28,190.465,116.522,134.478,172.324
2021/12/29,190.651,116.191,133.939,172.299
2021/12/30,190.777,117.329,134.942,172.659
2021/12/31,190.417,116.737,134.497,171.491
2022/01/03,192.761,117.028,134.834,173.257
2022/01/04,191.687,115.375,131.302,165.477
2022/01/05,192.115,114.558,130.926,164.534
2022/01/06,191.192,113.961,130.809,165.585
2022/01/07,191.1,113.39,130.815,164.932
2022/01/10,189.04,112.672,129.811,170.988
2022/01/11,190.674,114.005,131.173,178.281
2022/01/12,191.306,116.509,133.32,181.96
2022/01/13,191.965,118.396,134.79,184.482
2022/01/14,190.062,117.062,133.834,183.341
2022/01/18,188.947,118.786,135.756,187.839
2022/01/19,191.36,120.788,140.405,188.377
2022/01/20,190.928,119.914,138.734,187.462
2022/01/21,190.852,120.291,139.118,190.267
2022/01/24,192.149,124.901,141.649,193.911
2022/01/25,191.308,124.244,141.144,193.322
2022/01/26,190.494,120.957,138.824,187.119
2022/01/27,190.025,121.044,139.072,188.832
2022/01/28,189.503,120.148,139.501,187.93
2022/01/31,190.007,120.962,139.191,187.72
2022/02/01,189.77,120.753,139.154,187.885
2022/02/02,188.857,121.762,139.596,187.214
2022/02/03,190.467,120.875,139.593,187.881
2022/02/04,187.6,120.035,139.067,187.571
2022/02/07,189.255,122.994,142.561,189.308
2022/02/08,189.4,124.339,143.37,191.025
2022/02/09,188.874,123.859,142.004,189.951
2022/02/10,187.079,121.764,139.359,188.07
2022/02/11,189.796,123.228,141.272,190.417
2022/02/14,188.404,122.952,140.708,189.391
2022/02/15,188.824,123.397,141.366,189.794
2022/02/16,189.543,123.895,141.085,188.698
2022/02/17,190.968,125.169,142.446,188.899
2022/02/18,191.384,126.148,143.463,190.266
2022/02/22,191.377,127.043,155.776,191.562
2022/02/23,192.098,127.155,155.806,191.388
2022/02/24,195.295,130.83,163.759,193.694
2022/02/25,194.232,132.144,162.682,196.076
2022/02/28,197.904,136.575,167.389,197.986
2022/03/01,198.643,140.271,172.499,200.808
2022/03/02,197.068,135.826,173.351,198.411
2022/03/03,199.14,138.233,174.514,201.72
2022/03/04,200.95,140.64,178.405,203.71
2022/03/07,208.65,147.129,187.031,209.571
2022/03/08,208.833,149.214,188.999,212.013
2022/03/09,215.353,163.463,198.361,211.725
2022/03/10,223.087,160.255,198.803,212.681
2022/03/11,222.72,163.475,216.082,216.272
2022/03/14,225.19,165.91,245.392,223.239
2022/03/15,226.807,172.217,261.664,229.467
2022/03/16,226.581,172.6,237.734,229.588
2022/03/17,227.997,155.295,195.1,224.116
2022/03/18,224.742,149.27,189.973,221.398
2022/03/21,224.674,145.357,189.297,218.939
2022/03/22,223.712,146.66,188.698,215.92
2022/03/23,226.858,146.089,183.601,209.286
2022/03/24,224.665,146.581,188.457,207.607
2022/03/25,224.653,145.116,190.354,207.151
2022/03/28,225.963,145.535,192.531,208.658
2022/03/29,222.863,143.718,186.802,204.079
2022/03/30,227.531,142.81,184.931,203.12
2022/03/31,222.141,141.605,184.472,203.41
2022/04/01,218.983,142.369,185.843,206.969
2022/04/04,221.321,143.015,186.672,208.611
2022/04/05,221.379,141.063,185.175,207.891
2022/04/06,217.518,143.51,184.757,209.865
2022/04/07,217.903,143.648,184.752,210.044
2022/04/08,217.162,142.298,182.717,207.575
2022/04/11,216.647,142.917,184.23,213.188
2022/04/12,220.29,145.989,187.601,219.144
2022/04/13,220.195,148.671,190.493,218.529
2022/04/14,220.982,149.674,191.461,219.76
2022/04/18,221.052,148.703,190.145,219.019
2022/04/19,217.396,146.51,188.566,217.448
2022/04/20,218.94,148.15,190.865,218.877
2022/04/21,217.317,148.053,189.848,220.383
2022/04/22,218.039,149.824,192.485,225.473
2022/04/25,217.031,154.579,203.959,228.399
2022/04/26,217.717,154.369,204.397,229.284
2022/04/27,215.603,155.807,205.5,229.685
2022/04/28,215.259,150.573,203.924,227.193
2022/04/29,216.023,149.249,193.103,227.156
2022/05/02,214.769,150.044,193.705,225.607
2022/05/03,215.519,150.057,194.274,227.546
2022/05/04,216.381,149.823,194.08,227.666
2022/05/05,216.362,150.532,195.083,228.985
2022/05/06,218.284,151.633,198.756,229.654
2022/05/09,221.432,154.838,202.204,231.13
2022/05/10,219.398,155.499,204.629,230.548
2022/05/11,218.25,154.292,203.473,229.756
2022/05/12,219.116,155.082,213.357,230.699
2022/05/13,220.261,156.661,215.191,232.152
2022/05/16,219.55,158.35,217.505,233.97
2022/05/17,217.974,157.053,217.997,233.686
2022/05/18,219.253,156.841,217.58,233.987
2022/05/19,218.955,157.465,220.162,235.024
2022/05/20,220.636,158.373,220.863,236.94
2022/05/23,222.691,158.186,218.651,239.558
2022/05/24,221.635,157.626,217.65,240.28
2022/05/25,220.176,155.216,209.898,238.109
2022/05/26,219.355,152.225,202.652,234.315
2022/05/27,218.084,146.476,199.163,233.334
2022/05/31,214.958,144.018,192.477,232.5
2022/06/01,214.956,142.813,193.094,233.516
2022/06/02,215.177,142.384,192.279,233.187
2022/06/03,214.86,140.981,191.602,233.994
2022/06/06,205.766,132.687,186.068,221.312
2022/06/07,203.942,132.467,184.797,221.312
2022/06/08,203.28,130.571,173.129,214.625
2022/06/09,202.639,129.213,169.676,212.082
2022/06/10,201.697,125.857,174.801,213.606
2022/06/13,201.445,123.983,182.495,216.742
2022/06/14,201.889,121.032,185.6,225.219
2022/06/15,205.326,120.985,180.639,226.997
2022/06/16,203.537,122.199,188.427,230.663
2022/06/17,200.1,121.959,187.337,230.918
2022/06/21,197.75,121.656,187.684,232.065
2022/06/22,197.298,121.423,192.119,233.015
2022/06/23,197.77,122.571,194.573,234.799
2022/06/24,197.229,121.202,194.275,233.877
2022/06/27,197.274,121.419,193.958,234.149
2022/06/28,197.16,120.662,194.151,233.054
2022/06/29,197.614,120.6,196.839,232.754
2022/06/30,199.744,121.698,198.981,234.654
2022/07/01,200.033,123.088,200.47,235.255
2022/07/05,199.404,126.389,210.889,236.894
2022/07/06,198.367,128.621,209.122,238.002
2022/07/07,199.852,128.11,210.499,238.124
2022/07/08,197.765,125.473,208.608,237.483
2022/07/11,199.861,127.513,211.161,238.634
2022/07/12,199.67,128.15,213.282,239.87
2022/07/13,199.609,127.578,212.482,239.452
2022/07/14,199.596,127.895,214.089,242.085
2022/07/15,201.505,128.495,215.147,244.085
2022/07/18,201.092,129.038,215.816,248.361
2022/07/19,200.817,129.093,216.719,250.495
2022/07/20,201.252,128.054,216.304,251.488
2022/07/21,201.891,129.166,217.24,251.703
2022/07/22,201.789,130.207,216.809,253.653
2022/07/25,202.19,129.48,217.129,253.314
2022/07/26,200.853,128.934,215.812,251.914
2022/07/27,202.391,129.066,215.24,254.703
2022/07/28,202.223,129.608,214.768,257.597
2022/07/29,202.962,129.882,214.621,258.743
2022/08/01,203.787,129.985,214.217,260.73
2022/08/02,200.148,128.456,212.549,260.019
2022/08/03,200.832,128.305,213.521,261.303
2022/08/04,201.453,129.253,214.099,264.288
2022/08/05,200.793,127.31,213.333,262.841
2022/08/08,201.093,128.545,214.545,263.534
2022/08/09,201.223,128.66,213.839,262.943
2022/08/10,202.394,129.395,214.754,263.678
2022/08/11,201.33,128.259,213.496,262.439
2022/08/12,202.395,128.148,212.341,261.983
2022/08/15,203.696,127.969,211.372,262.146
2022/08/16,201.333,126.933,208.354,259.7
2022/08/17,199.719,125.472,206.451,247.265
2022/08/18,201.256,125.595,207.963,246.241
2022/08/19,199.923,125.581,207.321,245.841
2022/08/22,198.875,124.113,206.859,243.436
2022/08/23,198.469,123.42,206.252,243.283
2022/08/24,197.488,121.217,204.562,241.904
2022/08/25,196.724,119.71,200.972,240.117
2022/08/26,195.69,119.424,196.492,239.759
2022/08/29,195.106,117.395,196.321,239.232
2022/08/30,194.029,116.517,194.078,238.813
2022/08/31,193.868,116.807,193.254,232.606
2022/09/01,193.589,116.892,191.802,231.165
2022/09/02,194.502,117.638,192.863,231.192
2022/09/06,194.632,117.529,190.361,230.74
2022/09/07,195.767,113.001,188.34,232.393
2022/09/08,195.552,111.278,181.978,228.943
2022/09/09,195.543,110.946,181.167,226.753
2022/09/12,195.708,111.541,182.391,227.354
2022/09/13,190.378,108.904,179.398,225.471
2022/09/14,189.88,109.048,180.491,227.287
2022/09/15,188.726,101.484,179.492,221.442
2022/09/16,187.923,101.206,180.585,222.609
2022/09/19,186.894,101.053,179.832,222.815
2022/09/20,187.665,99.454,180.828,223.591
2022/09/21,184.989,100.515,180.474,224.964
2022/09/22,186.536,98.577,181.881,225.511
2022/09/23,185.436,97.182,182.586,226.372
2022/09/26,187.98,104.003,187.816,229.632
2022/09/27,195.964,107.609,196.723,234.848
2022/09/28,190.726,111.553,204.466,232.875
2022/09/29,188.597,110.422,205.635,232.308
2022/09/30,187.498,110.14,207.339,233.319
2022/10/03,190.36,113.22,213.813,235.313
2022/10/04,192.114,116.102,215.696,237.381
2022/10/05,189.574,113.127,208.19,236.554
2022/10/06,187.697,113.19,208.279,236.67
2022/10/07,189.38,113.719,208.913,237.66
2022/10/11,190.194,120.26,221.937,239.855
2022/10/12,191.724,121.041,225.065,242.24
2022/10/13,192.467,124.966,233.225,244.446
2022/10/14,193.421,127.509,235.519,244.189
2022/10/17,193.405,134.446,247.223,246.116
2022/10/18,192.88,134.495,250.048,249.257
2022/10/19,191.013,132.829,253.008,248.454
2022/10/20,191.284,132.765,259.935,247.819
2022/10/21,193.898,136.685,272.816,252.959
2022/10/24,194.321,138.189,287.634,253.801
2022/10/25,192.709,138.871,309.43,257.449
2022/10/26,193.219,138.417,318.941,256.447
2022/10/27,195.27,138.271,305.597,257.204
2022/10/28,193.065,136.963,308.298,254.212
2022/10/31,190.776,136.784,307.658,255.722
2022/11/01,188.919,133.861,305.055,253.539
2022/11/02,187.692,133.46,288.029,255.78
2022/11/03,189.492,135.094,293.36,260.635
2022/11/04,192.26,136.796,285.439,265.469
2022/11/07,195.616,138.98,288.13,268.841
2022/11/08,196.624,139.756,283.491,271.427
2022/11/09,197.531,139.688,272.58,273.47
2022/11/10,197.516,141.539,277.561,274.579
2022/11/14,195.644,137.993,221.096,267.457
2022/11/15,195.327,135.483,217.797,266.705
2022/11/16,193.73,130.412,214.797,251.072
2022/11/17,191.803,129.175,215.744,248.752
2022/11/18,190.69,127.365,218.946,248.559
2022/11/21,190.27,126.432,222.733,247.419
2022/11/22,192.048,127.245,226.158,249.125
2022/11/23,192.126,127.05,225.819,250.664
2022/11/25,190.631,124.737,217.437,249.365
2022/11/28,189.548,124.86,215.281,245.708
2022/11/29,190.813,125.281,215.167,246.156
2022/11/30,193.107,125.435,212.639,246.769
2022/12/01,184.649,120.909,202.915,226.053
2022/12/02,184.228,118.826,199.053,223.241
2022/12/05,181.141,116.436,182.622,213.692
2022/12/06,181.864,116.662,183.424,211.121
2022/12/07,180.329,114.968,182.605,207.791
2022/12/08,179.833,114.236,180.235,202.004
2022/12/09,179.53,113.312,179.312,197.602
2022/12/12,179.508,114.397,179.22,197.867
2022/12/13,179.373,113.979,178.657,194.417
2022/12/14,179.952,114.57,176.957,194.866
2022/12/15,178.151,111.967,175.703,193.095
